"","grid_id","times_sampled","mean_count","hotpvalue_3xmean"
"6207",6207,1,0,0
"6208",6208,1,0,0
"6209",6209,1,0,0
"6210",6210,1,0,0
"6211",6211,1,0,0
"6212",6212,1,1.1534,0
"6297",6297,1,0,0
"6298",6298,1,1.7241,0
"6299",6299,1,0.2873,0
"6300",6300,1,0,0
"6301",6301,1,0,0
"6302",6302,1,0,0
"6303",6303,1,0.5746,0
"6304",6304,1,4.5969,0
"6305",6305,1,0,0
"6306",6306,1,0,0
"6307",6307,1,0,0
"6398",6398,1,0,0
"6399",6399,1,0,0
"6400",6400,1,0.2871,0
"6401",6401,1,0.8614,0
"6402",6402,1,0,0
"6403",6403,1,0,0
"6404",6404,1,8.6133,0
"6405",6405,1,0.2871,0
"6406",6406,1,0.2871,0
"6407",6407,1,0.2871,0
"6408",6408,1,0.2871,0
"6409",6409,1,0,0
"6410",6410,1,0,0
"6411",6411,1,0,0
"6412",6412,1,0,0
"6510",6510,3,0.7242,0
"6511",6511,3,0.240066666666667,0
"6512",6512,3,0.274833333333333,0
"6513",6513,3,0,0
"6514",6514,3,1.6671,0
"6517",6517,1,0,0
"6518",6518,1,0,0
"6519",6519,1,0.2869,0
"6520",6520,1,0.2869,0
"6521",6521,1,0.2869,0
"6522",6522,1,3.443,0
"6523",6523,1,0.5738,0
"6524",6524,1,0.2869,0
"6525",6525,1,0.5738,0
"6526",6526,1,0,0
"6527",6527,1,0.2869,0
"6528",6528,1,0,0
"6529",6529,1,4.5901,0
"6530",6530,1,1.4343,0
"6531",6531,1,1.1474,0
"6532",6532,1,0,0
"6533",6533,1,0,0
"6534",6534,1,0,0
"6535",6535,1,0,0
"6536",6536,1,0,0
"6537",6537,1,0,0
"6538",6538,1,0,0
"6539",6539,1,0,0
"6650",6650,3,0,0
"6651",6651,3,0.190033333333333,0
"6652",6652,3,0.577066666666667,0
"6653",6653,3,0,0
"6654",6654,3,0,0
"6658",6658,1,0,0
"6659",6659,1,0,0
"6660",6660,1,0.2867,0
"6661",6661,1,0,0
"6662",6662,1,0.2867,0
"6663",6663,1,0.5734,0
"6664",6664,1,0.5734,0
"6665",6665,1,0.5734,0
"6666",6666,1,4.3004,0
"6667",6667,1,0.8601,0
"6668",6668,1,0.8601,0
"6669",6669,1,3.7268,0
"6670",6670,1,0.2867,0
"6671",6671,1,0.2867,0
"6672",6672,1,0.5734,0
"6673",6673,1,0,0
"6674",6674,1,0.5732,0
"6675",6675,1,4.2995,0
"6676",6676,1,1.1465,0
"6677",6677,1,0,0
"6678",6678,1,0,0
"6679",6679,1,0,0
"6680",6680,1,0.8598,0
"6681",6681,1,0,0
"6682",6682,1,0.4374,0
"6792",6792,3,0.2988,0
"6793",6793,3,0.6177,0
"6794",6794,3,1.97953333333333,0
"6795",6795,3,1.6283,0
"6796",6796,3,0.5817,0
"6800",6800,1,0.3224,0
"6801",6801,1,0,0
"6802",6802,1,1.1459,0
"6803",6803,1,2.2919,0
"6804",6804,1,0,0
"6805",6805,1,3.724,0
"6806",6806,1,4.5835,0
"6807",6807,1,1.1458,0
"6808",6808,1,3.4375,0
"6809",6809,1,42.6812,0.9728
"6810",6810,1,1.7186,0
"6811",6811,1,25.2061,0.2492
"6812",6812,1,16.8991,1e-04
"6813",6813,1,1.1456,0
"6814",6814,1,0,0
"6815",6815,1,1.1456,0
"6816",6816,1,0.2864,0
"6817",6817,1,1.1456,0
"6818",6818,1,0.2864,0
"6819",6819,1,18.0417,4e-04
"6820",6820,1,3.7227,0
"6821",6821,1,12.3131,0
"6822",6822,1,1.1454,0
"6823",6823,1,4.0087,0
"6824",6824,1,1.718,0
"6825",6825,1,8.876,0
"6826",6826,1,0.8622,0
"6930",6930,3,17.8079333333333,4e-04
"6931",6931,3,6.0763,0
"6932",6932,3,1.53626666666667,0
"6933",6933,3,8.81273333333333,0
"6934",6934,3,0.500733333333333,0
"6938",6938,1,0.8588,0
"6939",6939,1,0,0
"6940",6940,1,1.1451,0
"6941",6941,1,0.2863,0
"6942",6942,1,0.5725,0
"6943",6943,1,6.8701,0
"6944",6944,1,0.2863,0
"6945",6945,1,2.0037,0
"6946",6946,1,0.2862,0
"6947",6947,1,6.2972,0
"6948",6948,1,1.4311,0
"6949",6949,1,0.8587,0
"6950",6950,1,1.1449,0
"6951",6951,1,1.1448,0
"6952",6952,1,0.8586,0
"6953",6953,1,0,0
"6954",6954,1,0.8586,0
"6955",6955,1,2.2895,0
"6956",6956,1,0,0
"6957",6957,1,4.8649,0
"6958",6958,1,0.5723,0
"6959",6959,1,2.0031,0
"6960",6960,1,0,0
"6961",6961,1,0.2861,0
"6962",6962,1,0,0
"6963",6963,1,1.1445,0
"6964",6964,1,0.5722,0
"6965",6965,1,0,0
"6966",6966,1,0,0
"7066",7066,3,0.2629,0
"7067",7067,3,0.202066666666667,0
"7068",7068,3,1.30133333333333,0
"7069",7069,3,3.20006666666667,0
"7070",7070,3,16.2232,0
"7071",7071,3,1.94076666666667,0
"7075",7075,1,0,0
"7076",7076,1,0,0
"7077",7077,1,0.2861,0
"7078",7078,1,0,0
"7079",7079,1,0.286,0
"7080",7080,1,13.7303,0
"7081",7081,1,0.286,0
"7082",7082,1,21.7391,0.0362
"7083",7083,1,1.7163,0
"7084",7084,1,875.5471,1
"7085",7085,1,0.8581,0
"7086",7086,1,0,0
"7087",7087,1,0.286,0
"7088",7088,1,0,0
"7089",7089,1,0.286,0
"7090",7090,1,0.286,0
"7091",7091,1,0,0
"7092",7092,1,0,0
"7093",7093,1,0,0
"7094",7094,1,0.286,0
"7095",7095,1,0.858,0
"7096",7096,1,0.286,0
"7097",7097,1,11.4381,0
"7098",7098,1,2.5734,0
"7099",7099,1,0,0
"7100",7100,1,0.2859,0
"7101",7101,1,0.2859,0
"7102",7102,1,0.2859,0
"7103",7103,1,0.3263,0
"7211",7211,3,0.243433333333333,0
"7212",7212,3,0.4977,0
"7213",7213,3,0.143,0
"7214",7214,3,2.42566666666667,0
"7215",7215,3,8.61893333333333,0
"7216",7216,3,1.96913333333333,0
"7355",7355,3,0.129033333333333,0
"7356",7356,3,0,0
"7357",7357,3,0.401366666666667,0
"7358",7358,3,0,0
"7359",7359,3,3.42103333333333,0
"7360",7360,3,0.366,0
"7507",7507,3,0.550666666666667,0
"7508",7508,3,0.288266666666667,0
"7509",7509,3,1.00313333333333,0
"7510",7510,3,0.2243,0
"7511",7511,3,0.1099,0
"7512",7512,3,0.1292,0
"7652",7652,3,0.147933333333333,0
"7653",7653,3,1.34156666666667,0
"7654",7654,3,2.70763333333333,0
"7655",7655,3,0.125666666666667,0
"7656",7656,3,4.37783333333333,0
"7657",7657,3,1.16983333333333,0
"7658",7658,3,1.72636666666667,0
"7798",7798,3,3.92923333333333,0
"7799",7799,3,1.6323,0
"7800",7800,3,2.2247,0
"7801",7801,3,0,0
"7802",7802,3,0,0
"7803",7803,3,0.147666666666667,0
"7804",7804,3,0,0
"7936",7936,3,2.196,0
"7937",7937,3,1.66826666666667,0
"7938",7938,3,0.447266666666667,0
"7939",7939,3,0.168766666666667,0
"7940",7940,3,0,0
"7941",7941,3,0,0
"7942",7942,3,0,0
"8079",8079,3,1.0722,0
"8080",8080,3,0.389,0
"8081",8081,3,0.298366666666667,0
"8082",8082,3,0,0
"8083",8083,3,0,0
"8084",8084,3,0,0
"8085",8085,3,0.153,0
"8098",8098,7,0.506085714285714,0
"8099",8099,7,6.83905714285714,0
"8100",8100,7,2.05797142857143,0
"8224",8224,3,2.1987,0
"8225",8225,3,1.4657,0
"8226",8226,3,1.98846666666667,0
"8227",8227,3,0,0
"8228",8228,3,0.140433333333333,0
"8229",8229,3,0,0
"8230",8230,3,0,0
"8243",8243,7,0.575471428571429,0
"8244",8244,7,0.503057142857143,0
"8245",8245,7,5.54741428571429,0
"8246",8246,7,0,0
"8247",8247,7,0.303271428571429,0
"8248",8248,6,0.1567,0
"8377",8377,3,0.76,0
"8378",8378,3,0.794833333333333,0
"8379",8379,3,16.0597333333333,0
"8380",8380,3,36.6823333333333,0.9222
"8381",8381,3,0.5199,0
"8382",8382,3,0.2172,0
"8383",8383,3,0.2281,0
"8396",8396,7,0,0
"8397",8397,7,0.5226,0
"8398",8398,7,1.33118571428571,0
"8399",8399,7,1.99787142857143,0
"8400",8400,7,33.5974,0.8511
"8401",8401,6,1.70455,0
"8402",8402,6,1.26536666666667,0
"8522",8522,3,1.2022,0
"8523",8523,3,0.708,0
"8524",8524,3,8.14383333333333,0
"8525",8525,3,2.70276666666667,0
"8526",8526,3,0.3621,0
"8527",8527,3,0,0
"8528",8528,3,0,0
"8541",8541,7,0.608142857142857,0
"8542",8542,7,0.0749857142857143,0
"8543",8543,7,0.424457142857143,0
"8544",8544,7,0.0521714285714286,0
"8545",8545,7,0.884885714285714,0
"8546",8546,6,5.7052,0
"8547",8547,6,1.47558333333333,0
"8548",8548,6,0.102566666666667,0
"8549",8549,6,0.286083333333333,0
"8550",8550,6,0.0810666666666667,0
"8671",8671,3,0.186033333333333,0
"8672",8672,3,0.159066666666667,0
"8673",8673,3,1.09653333333333,0
"8674",8674,3,0.6571,0
"8675",8675,3,0.224833333333333,0
"8676",8676,3,0,0
"8677",8677,3,0,0
"8689",8689,7,0.0865,0
"8690",8690,7,0.289442857142857,0
"8691",8691,7,1.18334285714286,0
"8692",8692,7,0.0822285714285714,0
"8693",8693,7,6.08988571428571,0
"8694",8694,7,0.378114285714286,0
"8695",8695,6,14.74165,0
"8696",8696,6,168.867416666667,0.9998
"8697",8697,6,0.21695,0
"8698",8698,6,0,0
"8699",8699,6,0.13045,0
"8700",8700,6,0.324033333333333,0
"8701",8701,6,0.206066666666667,0
"8806",8806,3,11.8290666666667,0
"8807",8807,3,5.61823333333333,0
"8808",8808,3,2.5633,0
"8809",8809,3,2.9717,0
"8810",8810,3,0,0
"8811",8811,3,0,0
"8812",8812,3,0,0
"8824",8824,7,0,0
"8825",8825,7,0,0
"8826",8826,7,0.327542857142857,0
"8827",8827,7,0.572014285714286,0
"8828",8828,7,2.17885714285714,0
"8829",8829,7,0.801671428571429,0
"8830",8830,6,0.649733333333333,0
"8831",8831,6,0.253366666666667,0
"8832",8832,6,0.431,0
"8833",8833,6,0.06005,0
"8834",8834,6,0.0432833333333333,0
"8835",8835,6,0.259533333333333,0
"8836",8836,6,0.1197,0
"8837",8837,6,1.2005,0
"8838",8838,7,0.257314285714286,0
"8839",8839,7,5.64911428571429,0
"8936",8936,3,0.8534,0
"8937",8937,3,0.4361,0
"8938",8938,3,1.9411,0
"8939",8939,3,0,0
"8940",8940,3,0.235,0
"8941",8941,3,0,0
"8953",8953,7,0,0
"8954",8954,7,0,0
"8955",8955,7,0.0529142857142857,0
"8956",8956,7,0.138471428571429,0
"8957",8957,7,9.4374,0
"8958",8958,7,3.66491428571429,0
"8959",8959,6,0.851,0
"8960",8960,6,0,0
"8961",8961,6,0,0
"8962",8962,6,0.124366666666667,0
"8963",8963,6,0.06405,0
"8964",8964,6,0.292783333333333,0
"8965",8965,6,0.110316666666667,0
"8966",8966,6,1.74703333333333,0
"8967",8967,7,0,0
"8968",8968,7,0,0
"9067",9067,3,8.3622,0
"9068",9068,3,0,0
"9069",9069,3,4.82693333333333,0
"9070",9070,3,0.0643333333333333,0
"9072",9072,3,0,0
"9084",9084,7,0.056,0
"9085",9085,7,0.313414285714286,0
"9086",9086,7,0.0273,0
"9087",9087,7,0.131914285714286,0
"9088",9088,7,0.290142857142857,0
"9089",9089,6,0.1007,0
"9090",9090,6,0,0
"9091",9091,6,7.50051666666667,0
"9092",9092,6,0.302133333333333,0
"9093",9093,6,0.1903,0
"9094",9094,6,0.165783333333333,0
"9095",9095,6,0.309933333333333,0
"9096",9096,6,0.51065,0
"9097",9097,6,5.33915,0
"9098",9098,7,0,0
"9099",9099,7,0,0
"9195",9195,3,0.0558,0
"9196",9196,3,1.2628,0
"9197",9197,3,1.72656666666667,0
"9198",9198,3,0.6339,0
"9199",9199,3,0.534466666666667,0
"9200",9200,3,0.122033333333333,0
"9213",9213,7,0,0
"9214",9214,7,0,0
"9215",9215,7,0.213757142857143,0
"9216",9216,7,0.0878571428571429,0
"9217",9217,6,3.8114,0
"9218",9218,6,10.0109166666667,0
"9219",9219,6,0.677466666666667,0
"9220",9220,6,8.33333333333333,0
"9221",9221,6,0.58665,0
"9222",9222,6,13.64905,0
"9223",9223,6,0.761233333333333,0
"9224",9224,6,0.97775,0
"9225",9225,6,0.868266666666667,0
"9226",9226,7,2.99667142857143,0
"9227",9227,7,0,0
"9328",9328,3,0.411666666666667,0
"9329",9329,3,0.0766,0
"9330",9330,3,0.0780666666666667,0
"9331",9331,3,0,0
"9332",9332,3,0.0562,0
"9345",9345,7,0,0
"9346",9346,7,0,0
"9347",9347,7,0.1268,0
"9348",9348,7,0,0
"9349",9349,6,7.99306666666667,0
"9350",9350,6,0.244516666666667,0
"9351",9351,6,14.0403666666667,0
"9352",9352,6,392.199816666667,1
"9353",9353,6,46.43655,0.9843
"9354",9354,6,0.527183333333333,0
"9355",9355,6,3.02141666666667,0
"9356",9356,6,36.7325,0.9233
"9357",9357,7,12.0182857142857,0
"9358",9358,7,1.19205714285714,0
"9359",9359,7,0,0
"9465",9465,15,37.4450266666667,0.9335
"9466",9466,15,16.0456,0
"9467",9467,15,11.0414666666667,0
"9468",9468,15,0.152786666666667,0
"9469",9469,15,0,0
"9470",9470,15,4.63255333333333,0
"9482",9482,7,0.0292428571428571,0
"9483",9483,7,0.0837714285714286,0
"9484",9484,7,0.236385714285714,0
"9485",9485,7,0.299471428571429,0
"9486",9486,6,15.75465,0
"9487",9487,6,4.4115,0
"9488",9488,6,6.4811,0
"9489",9489,6,0.0478833333333333,0
"9490",9490,6,2.29231666666667,0
"9491",9491,6,11.9916833333333,0
"9492",9492,6,7.81131666666667,0
"9493",9493,6,43.6793666666667,0.9768
"9494",9494,7,118.834314285714,0.9997
"9495",9495,7,3.20612857142857,0
"9605",9605,15,37.65504,0.936
"9606",9606,15,9.95974,0
"9607",9607,15,8.91162,0
"9608",9608,15,7.71954,0
"9609",9609,15,0.0724266666666667,0
"9610",9610,15,0,0
"9622",9622,7,0,0
"9623",9623,7,0,0
"9624",9624,7,0.0273428571428571,0
"9625",9625,7,0.110514285714286,0
"9626",9626,6,3.95406666666667,0
"9627",9627,6,5.82876666666667,0
"9628",9628,6,5.05398333333333,0
"9629",9629,6,0.821883333333333,0
"9630",9630,6,0.0859666666666667,0
"9631",9631,6,0.215583333333333,0
"9632",9632,6,0,0
"9633",9633,6,2.0193,0
"9634",9634,7,0.3222,0
"9635",9635,7,2.99754285714286,0
"9746",9746,15,22.36012,0.0575
"9747",9747,15,18.7993533333333,0.0013
"9748",9748,15,6.97252,0
"9749",9749,15,0.12808,0
"9750",9750,15,0.860826666666667,0
"9751",9751,12,0,0
"9761",9761,7,0,0
"9762",9762,7,0,0
"9763",9763,7,0.2878,0
"9764",9764,7,0,0
"9765",9765,6,0.22345,0
"9766",9766,6,0.116683333333333,0
"9767",9767,6,2.4818,0
"9768",9768,6,357.937983333333,1
"9769",9769,6,3.28258333333333,0
"9770",9770,6,22.0403666666667,0.0451
"9771",9771,6,17.5687833333333,2e-04
"9772",9772,6,0.1022,0
"9773",9773,6,49.5049333333333,0.9899
"9774",9774,7,0,0
"9775",9775,7,0,0
"9888",9888,15,18.8843333333333,0.0013
"9889",9889,15,58.75662,0.9952
"9890",9890,15,15.5700933333333,0
"9891",9891,15,6.34068,0
"9892",9892,15,2.84276,0
"9893",9893,12,0.0578333333333333,0
"9903",9903,7,0,0
"9904",9904,7,0,0
"9905",9905,7,0,0
"9906",9906,7,0,0
"9907",9907,6,0,0
"9908",9908,6,0.484466666666667,0
"9909",9909,6,0.03055,0
"9910",9910,6,0.3206,0
"9911",9911,6,1.1254,0
"9912",9912,6,3.13938333333333,0
"9913",9913,6,7.30991666666667,0
"9914",9914,6,0,0
"9915",9915,6,0,0
"9916",9916,7,0,0
"9917",9917,7,0,0
"10025",10025,15,25.2911933333333,0.2555
"10026",10026,15,25.0572333333333,0.2367
"10027",10027,15,16.6451266666667,1e-04
"10028",10028,15,1.61636,0
"10029",10029,15,0.4106,0
"10030",10030,12,0.135625,0
"10041",10041,7,0,0
"10042",10042,7,0.0358285714285714,0
"10043",10043,7,0.1527,0
"10044",10044,6,0.0305,0
"10045",10045,6,0.203966666666667,0
"10046",10046,6,0.168533333333333,0
"10047",10047,6,0,0
"10048",10048,6,0.0428833333333333,0
"10049",10049,6,1.1148,0
"10050",10050,6,2.01375,0
"10051",10051,6,14.75525,0
"10053",10053,7,0,0
"10161",10161,15,0.05416,0
"10162",10162,15,26.3556133333333,0.3564
"10163",10163,15,19.9335,0.006
"10164",10164,15,0.12702,0
"10165",10165,15,0.05858,0
"10166",10166,12,7.61101666666667,0
"10167",10167,12,0,0
"10180",10180,6,0.0459166666666667,0
"10181",10181,6,0,0
"10182",10182,6,0,0
"10183",10183,6,0,0
"10184",10184,6,0.121233333333333,0
"10185",10185,6,16.9047,1e-04
"10186",10186,6,2.03406666666667,0
"10187",10187,6,41.4961833333333,0.9668
"10188",10188,7,0.0733285714285714,0
"10189",10189,7,0.0921285714285714,0
"10294",10294,15,40.65288,0.9623
"10295",10295,15,21.5399066666667,0.0315
"10296",10296,15,10.5478066666667,0
"10297",10297,15,2.08812666666667,0
"10298",10298,12,2.37795,0
"10299",10299,12,0.05765,0
"10315",10315,6,0.0457666666666667,0
"10316",10316,6,0.102683333333333,0
"10317",10317,6,7.05981666666667,0
"10318",10318,6,4.492,0
"10319",10319,6,52.5934166666667,0.9924
"10321",10321,7,0.217728571428571,0
"10334",10334,20,0.71446,0
"10335",10335,10,0.16734,0
"10424",10424,15,27.6097533333333,0.4762
"10425",10425,15,18.8082666666667,0.0013
"10426",10426,15,5.31856,0
"10427",10427,15,1.02654,0
"10428",10428,12,0.981725,0
"10429",10429,12,1.14589166666667,0
"10447",10447,6,0.1815,0
"10448",10448,4,0.1494,0
"10459",10459,20,1.22728,0
"10460",10460,20,0.400005,0
"10548",10548,15,36.4980466666667,0.919
"10549",10549,15,7.82889333333333,0
"10550",10550,15,0.145973333333333,0
"10551",10551,12,0.0576833333333333,0
"10552",10552,12,0.211416666666667,0
"10553",10553,12,1.60256666666667,0
"10572",10572,4,0.81735,0
"10579",10579,20,5.2042,0
"10580",10580,20,2.65144,0
"10581",10581,20,2.725935,0
"10582",10582,20,1.719715,0
"10657",10657,17,25.4375705882353,0.2672
"10658",10658,17,35.7561058823529,0.9061
"10659",10659,17,1.65988235294118,0
"10660",10660,17,3.02791176470588,0
"10661",10661,17,0.505552941176471,0
"10662",10662,17,0,0
"10682",10682,4,0.625025,0
"10683",10683,5,0.32398,0
"10689",10689,20,0.95747,0
"10690",10690,20,2.81244,0
"10691",10691,20,12.554285,0
"10692",10692,20,0.33349,0
"10764",10764,17,4.80548235294118,0
"10765",10765,17,0.224705882352941,0
"10766",10766,17,2.96346470588235,0
"10767",10767,17,3.71394117647059,0
"10768",10768,17,0,0
"10769",10769,17,0,0
"10788",10788,4,0.11275,0
"10790",10790,5,0.03844,0
"10796",10796,20,0.69414,0
"10797",10797,20,0.845295,0
"10798",10798,20,18.87381,0.0013
"10799",10799,20,2.26394,0
"10800",10800,10,0,0
"10865",10865,17,1.44128823529412,0
"10866",10866,17,0.697341176470588,0
"10867",10867,17,0.499894117647059,0
"10868",10868,17,1.63830588235294,0
"10869",10869,17,0.0813352941176471,0
"10889",10889,4,0.817475,0
"10890",10890,5,0.90384,0
"10897",10897,20,0.309775,0
"10898",10898,20,0.37715,0
"10899",10899,20,8.137305,0
"10900",10900,20,4.615405,0
"10901",10901,20,0.118165,0
"10909",10909,20,0.21614,0
"10910",10910,20,0.843705,0
"10911",10911,20,0.15909,0
"10912",10912,10,0.04489,0
"10958",10958,17,20.0702705882353,0.0066
"10959",10959,17,1.88842352941176,0
"10960",10960,17,0.662464705882353,0
"10961",10961,17,2.03445294117647,0
"10962",10962,17,0.6623,0
"10963",10963,17,0,0
"10982",10982,4,0,0
"10983",10983,4,0,0
"10984",10984,5,1.65292,0
"10991",10991,20,0.13617,0
"10992",10992,20,1.62504,0
"10993",10993,20,2.209745,0
"10994",10994,20,0.546865,0
"10995",10995,20,0.033085,0
"11002",11002,10,0.58312,0
"11003",11003,20,0.83077,0
"11004",11004,20,0.738955,0
"11005",11005,20,0.731105,0
"11006",11006,20,0.07555,0
"11043",11043,17,0.813829411764706,0
"11044",11044,17,0.0697411764705882,0
"11045",11045,17,1.18546470588235,0
"11046",11046,17,0.465017647058823,0
"11047",11047,17,0.0348588235294118,0
"11048",11048,17,0.395064705882353,0
"11067",11067,4,0.48095,0
"11068",11068,5,14.429,0
"11069",11069,5,20.07306,0.0066
"11078",11078,20,6.331915,0
"11079",11079,20,10.57321,0
"11080",11080,20,1.32037,0
"11081",11081,20,0.26361,0
"11091",11091,20,0.09325,0
"11092",11092,20,0.87332,0
"11093",11093,20,0.06583,0
"11135",11135,17,0.993405882352941,0
"11136",11136,17,1.33305294117647,0
"11137",11137,17,0.602452941176471,0
"11138",11138,17,0.911894117647059,0
"11139",11139,17,0,0
"11140",11140,17,0,0
"11159",11159,4,0.9619,0
"11160",11160,5,27.4894,0.466
"11170",11170,20,0.32406,0
"11171",11171,20,0.43572,0
"11172",11172,20,0.731645,0
"11173",11173,20,1.99345,0
"11183",11183,10,0.10285,0
"11184",11184,20,0.11742,0
"11185",11185,20,1.351325,0
"11186",11186,20,0.12101,0
"11218",11218,17,18.7147294117647,0.0011
"11219",11219,17,1.72023529411765,0
"11220",11220,17,0.0348764705882353,0
"11221",11221,17,0.0348588235294118,0
"11222",11222,17,1.48750588235294,0
"11241",11241,4,0.760325,0
"11243",11243,5,30.37294,0.7015
"11257",11257,20,1.67903,0
"11258",11258,20,0.448605,0
"11259",11259,20,0.510965,0
"11260",11260,20,0.17332,0
"11261",11261,10,0.29995,0
"11271",11271,10,0.0387,0
"11272",11272,20,1.52661,0
"11273",11273,20,0.470005,0
"11274",11274,10,0.05606,0
"11311",11311,17,26.5377117647059,0.3741
"11312",11312,17,0.395188235294118,0
"11313",11313,17,0.0697529411764706,0
"11314",11314,17,0.0697176470588235,0
"11315",11315,17,4.69463529411765,0
"11334",11334,4,0.2886,0
"11335",11335,5,3.12766,0
"11348",11348,20,3.04889,0
"11349",11349,20,2.580145,0
"11350",11350,20,0.252355,0
"11351",11351,20,0.227795,0
"11352",11352,20,0.25534,0
"11353",11353,10,0.03389,0
"11363",11363,10,0.69839,0
"11364",11364,20,0.25639,0
"11365",11365,20,0.39133,0
"11399",11399,17,14.2315294117647,0
"11400",11400,17,26.9561764705882,0.4167
"11401",11401,17,2.95228235294118,0
"11402",11402,17,1.15098235294118,0
"11403",11403,17,3.84619411764706,0
"11404",11404,17,0,0
"11422",11422,4,0.496675,0
"11423",11423,4,0.70675,0
"11424",11424,5,20.49528,0.0117
"11437",11437,20,0.875305,0
"11438",11438,20,1.33365,0
"11439",11439,20,0.41988,0
"11440",11440,20,0.44591,0
"11441",11441,20,0.044005,0
"11442",11442,20,0.087455,0
"11443",11443,20,0.08487,0
"11512",11512,29,5.26848275862069,0
"11513",11513,29,10.4979034482759,0
"11514",11514,29,1.46728275862069,0
"11515",11515,29,0.298448275862069,0
"11516",11516,29,0.631893103448276,0
"11517",11517,29,0,0
"11535",11535,4,1.0584,0
"11536",11536,5,0.07754,0
"11537",11537,5,0.22886,0
"11550",11550,20,1.668245,0
"11551",11551,20,0.755885,0
"11552",11552,20,0.91161,0
"11553",11553,20,0.95539,0
"11554",11554,20,0.59509,0
"11555",11555,20,2.0792,0
"11556",11556,20,2.991315,0
"11557",11557,20,1.046365,0
"11558",11558,10,0.06622,0
"11627",11627,17,20.7927705882353,0.0161
"11628",11628,17,0.539364705882353,0
"11629",11629,17,0.148141176470588,0
"11630",11630,17,0,0
"11631",11631,17,0.0417176470588235,0
"11632",11632,17,12.2900941176471,0
"11650",11650,4,0.625425,0
"11651",11651,5,1.63146,0
"11665",11665,20,1.357845,0
"11666",11666,20,0.40538,0
"11667",11667,20,3.808245,0
"11668",11668,20,3.446935,0
"11669",11669,20,1.46477,0
"11670",11670,20,1.8488,0
"11671",11671,20,2.38272,0
"11672",11672,20,0.80235,0
"11673",11673,20,0.23718,0
"11737",11737,17,1.73394117647059,0
"11738",11738,17,14.0304764705882,0
"11739",11739,17,0.235947058823529,0
"11740",11740,17,0.415264705882353,0
"11741",11741,17,0.381470588235294,0
"11742",11742,17,0.729688235294118,0
"11760",11760,4,17.837225,4e-04
"11778",11778,10,1.70685,0
"11779",11779,20,1.632365,0
"11780",11780,20,0.8314,0
"11781",11781,20,1.92799,0
"11862",11862,17,2.63145294117647,0
"11863",11863,17,0.086764705882353,0
"11864",11864,17,1.71408823529412,0
"11865",11865,17,4.70948823529412,0
"11866",11866,17,3.28737058823529,0
"11867",11867,17,1.17159411764706,0
"11881",11881,12,0,0
"11882",11882,12,0,0
"11884",11884,12,0.0688083333333333,0
"11885",11885,13,1.6939,0
"11902",11902,10,2.60903,0
"11978",11978,17,0,0
"11979",11979,17,0.865094117647059,0
"11980",11980,17,0.0674294117647059,0
"11981",11981,17,1.90825882352941,0
"11982",11982,17,0,0
"11983",11983,17,0,0
"11998",11998,12,0,0
"11999",11999,12,0.0333666666666667,0
"12001",12001,12,51.0898666666667,0.9916
"12002",12002,13,2.91036923076923,0
"12117",12117,17,0.952864705882353,0
"12118",12118,17,0.428382352941176,0
"12119",12119,17,0.972676470588235,0
"12120",12120,17,0.892541176470588,0
"12121",12121,17,0,0
"12122",12122,17,0,0
"12137",12137,12,0.0166833333333333,0
"12138",12138,12,0.0834083333333333,0
"12140",12140,12,61.6814416666667,0.9958
"12141",12141,13,7.37603076923077,0
"12249",12249,17,2.52157058823529,0
"12250",12250,17,0.6742,0
"12251",12251,17,0.168594117647059,0
"12252",12252,17,0.0336823529411765,0
"12253",12253,17,0,0
"12254",12254,17,0,0
"12270",12270,12,0.0166833333333333,0
"12271",12271,12,0.05005,0
"12273",12273,12,0.483716666666667,0
"12274",12274,13,10.8409538461538,0
"12275",12275,13,31.9101,0.7848
"12396",12396,17,0.7771,0
"12397",12397,17,1.38708823529412,0
"12398",12398,17,2.82226470588235,0
"12399",12399,17,0.616511764705882,0
"12400",12400,17,0.929605882352941,0
"12401",12401,17,0.381794117647059,0
"12417",12417,12,0.0166833333333333,0
"12418",12418,12,0.05005,0
"12420",12420,12,0.0500416666666667,0
"12421",12421,13,0.954746153846154,0
"12422",12422,13,36.1921923076923,0.9134
"12536",12536,17,2.43871764705882,0
"12537",12537,17,0.0674470588235294,0
"12538",12538,17,0,0
"12539",12539,17,0.347964705882353,0
"12540",12540,17,0,0
"12557",12557,12,0,0
"12558",12558,12,0.05005,0
"12559",12559,12,0.0269416666666667,0
"12560",12560,12,0.0875833333333333,0
"12561",12561,13,0.2464,0
"12562",12562,13,11.0270615384615,0
"12681",12681,17,25.0091,0.2333
"12682",12682,17,2.07903529411765,0
"12683",12683,17,0.865547058823529,0
"12684",12684,17,0,0
"12685",12685,17,0.0336764705882353,0
"12686",12686,17,0,0
"12703",12703,12,0.0166833333333333,0
"12704",12704,12,0.05005,0
"12705",12705,12,0.0333583333333333,0
"12707",12707,13,0.0924,0
"12708",12708,13,1.24746923076923,0
"12730",12730,20,0.112345,0
"12731",12731,20,0.43606,0
"12822",12822,21,12.0055285714286,0
"12823",12823,21,2.14475714285714,0
"12824",12824,21,0.178857142857143,0
"12825",12825,21,0,0
"12826",12826,21,0,0
"12827",12827,21,0,0
"12844",12844,12,0.100083333333333,0
"12845",12845,12,0,0
"12846",12846,12,0,0
"12848",12848,13,9.13166923076923,0
"12849",12849,13,4.26869230769231,0
"12871",12871,20,3.12535,0
"12872",12872,20,0.537805,0
"12873",12873,10,0.03758,0
"12963",12963,16,0,0
"12964",12964,16,40.60915,0.9619
"12965",12965,16,2.6861875,0
"12966",12966,16,0.070425,0
"12967",12967,16,0.03785,0
"12968",12968,16,0,0
"12986",12986,12,0.216858333333333,0
"12987",12987,12,0.0834083333333333,0
"12988",12988,12,0.05005,0
"12990",12990,13,43.7249923076923,0.9769
"13011",13011,20,2.921915,0
"13012",13012,20,0.52628,0
"13013",13013,20,0.352335,0
"13104",13104,16,14.6991875,0
"13105",13105,16,3.95181875,0
"13106",13106,16,0.9624375,0
"13107",13107,16,0,0
"13108",13108,16,0.03513125,0
"13109",13109,16,0,0
"13120",13120,10,0,0
"13127",13127,15,0.218293333333333,0
"13128",13128,15,0.16682,0
"13129",13129,14,0.16485,0
"13130",13130,14,3.8866,0
"13152",13152,20,0.54813,0
"13153",13153,20,2.508715,0
"13154",13154,20,0.400325,0
"13250",13250,16,9.64408125,0
"13251",13251,16,35.056625,0.8915
"13252",13252,16,2.06483125,0
"13253",13253,16,0.03521875,0
"13254",13254,16,0,0
"13255",13255,16,0,0
"13265",13265,10,0,0
"13267",13267,10,0.08354,0
"13268",13268,10,0.02345,0
"13269",13269,10,0,0
"13270",13270,10,0.02711,0
"13273",13273,15,0,0
"13275",13275,14,0.0692214285714286,0
"13276",13276,13,0.0149076923076923,0
"13277",13277,14,0.862014285714286,0
"13278",13278,14,0.133607142857143,0
"13295",13295,10,1.00437,0
"13296",13296,20,3.032245,0
"13297",13297,20,0.641595,0
"13298",13298,10,0.88555,0
"13395",13395,16,22.633075,0.07
"13396",13396,16,3.4635875,0
"13397",13397,16,0.460275,0
"13398",13398,16,0.8319375,0
"13399",13399,16,0,0
"13400",13400,16,0,0
"13409",13409,10,0.0305,0
"13410",13410,10,0,0
"13411",13411,10,0,0
"13412",13412,10,0,0
"13413",13413,10,0.06899,0
"13414",13414,10,0,0
"13415",13415,10,0.21664,0
"13416",13416,10,0,0
"13418",13418,15,0,0
"13419",13419,15,0,0
"13420",13420,14,0,0
"13421",13421,13,0.180453846153846,0
"13422",13422,13,0.118276923076923,0
"13423",13423,14,1.89688571428571,0
"13431",13431,20,5.058045,0
"13432",13432,20,1.21258,0
"13433",13433,20,0.195465,0
"13434",13434,10,2.39712,0
"13531",13531,16,0,0
"13532",13532,16,46.56648125,0.9845
"13533",13533,16,1.3611375,0
"13534",13534,16,0.035225,0
"13535",13535,16,0,0
"13536",13536,16,0,0
"13545",13545,10,0,0
"13546",13546,10,0,0
"13547",13547,10,0.01867,0
"13548",13548,10,0,0
"13549",13549,10,0,0
"13550",13550,10,0,0
"13552",13552,10,0,0
"13556",13556,15,0,0
"13557",13557,14,0,0
"13558",13558,14,0.107957142857143,0
"13559",13559,13,0.104392307692308,0
"13560",13560,14,2.54766428571429,0
"13568",13568,20,1.864455,0
"13569",13569,20,4.10548,0
"13570",13570,20,0.23863,0
"13571",13571,20,0.14546,0
"13572",13572,20,0.10675,0
"13670",13670,16,53.60433125,0.9927
"13671",13671,16,31.72119375,0.7767
"13672",13672,16,1.52754375,0
"13673",13673,16,0.08225,0
"13674",13674,16,0,0
"13675",13675,16,0,0
"13682",13682,10,0,0
"13683",13683,10,0,0
"13684",13684,10,0,0
"13685",13685,10,0,0
"13686",13686,10,0,0
"13687",13687,10,0.01761,0
"13688",13688,10,0,0
"13689",13689,10,0.04184,0
"13690",13690,10,0,0
"13695",13695,15,0,0
"13697",13697,14,0.969292857142857,0
"13698",13698,13,0.0596538461538462,0
"13699",13699,14,27.6948785714286,0.4847
"13700",13700,14,82.3198714285714,0.9992
"13706",13706,20,1.463005,0
"13707",13707,20,1.81434,0
"13708",13708,20,0.481475,0
"13709",13709,20,0.610105,0
"13710",13710,20,0.181595,0
"13711",13711,10,2.70417,0
"13800",13800,16,4.21313125,0
"13801",13801,16,32.9204375,0.8267
"13802",13802,16,1.58435625,0
"13803",13803,16,0.03523125,0
"13804",13804,16,0.03515,0
"13805",13805,16,0,0
"13812",13812,10,0,0
"13813",13813,10,0,0
"13814",13814,10,0.08654,0
"13815",13815,10,0.04062,0
"13816",13816,10,0,0
"13817",13817,10,0.01727,0
"13818",13818,10,0.05308,0
"13819",13819,10,0.02573,0
"13820",13820,10,0,0
"13826",13826,15,0,0
"13827",13827,15,0,0
"13828",13828,14,0.01385,0
"13829",13829,13,0.0945538461538462,0
"13830",13830,13,0.0653538461538462,0
"13831",13831,14,65.3089714285714,0.9966
"13839",13839,20,8.765945,0
"13840",13840,20,0.63049,0
"13841",13841,20,0.43836,0
"13842",13842,20,1.47287,0
"13843",13843,20,3.280455,0
"13935",13935,16,29.79825,0.6628
"13936",13936,16,3.99708125,0
"13937",13937,16,0.6200125,0
"13938",13938,16,0.083475,0
"13939",13939,16,0,0
"13940",13940,16,0,0
"13948",13948,10,0.05598,0
"13949",13949,10,0.36792,0
"13950",13950,10,0.0209,0
"13951",13951,10,0.06681,0
"13952",13952,10,0.38515,0
"13953",13953,10,0.07411,0
"13954",13954,10,0.16977,0
"13955",13955,10,0,0
"13962",13962,15,0,0
"13963",13963,14,0.0315785714285714,0
"13964",13964,14,0.394607142857143,0
"13965",13965,13,0.0596615384615385,0
"13966",13966,14,24.69215,0.2063
"13974",13974,20,2.463365,0
"13975",13975,20,3.404595,0
"13976",13976,20,1.979765,0
"13977",13977,20,8.02956,0
"13978",13978,20,2.62387,0
"14067",14067,22,25.0014090909091,0.2326
"14068",14068,22,0,0
"14069",14069,22,0.337827272727273,0
"14070",14070,22,0,0
"14071",14071,22,0,0
"14081",14081,10,0.01903,0
"14082",14082,10,0.19595,0
"14083",14083,10,0.11008,0
"14084",14084,10,0.12137,0
"14085",14085,10,0.14475,0
"14086",14086,10,0.09873,0
"14094",14094,15,0,0
"14096",14096,14,0.0969428571428571,0
"14097",14097,13,0.119315384615385,0
"14099",14099,14,13.6906142857143,0
"14106",14106,20,1.18901,0
"14107",14107,20,6.797225,0
"14108",14108,20,8.985645,0
"14109",14109,20,7.121005,0
"14110",14110,20,0.894665,0
"14199",14199,10,60.73147,0.9957
"14200",14200,10,0.15493,0
"14201",14201,10,3.88782,0
"14202",14202,10,0.10253,0
"14203",14203,10,0.10931,0
"14204",14204,10,0.23956,0
"14213",14213,10,0,0
"14214",14214,10,0.072,0
"14215",14215,10,0.02169,0
"14216",14216,10,0.08652,0
"14217",14217,10,0.02651,0
"14227",14227,15,0,0
"14228",14228,14,0.09695,0
"14230",14230,13,0.402615384615385,0
"14231",14231,14,24.0588285714286,0.1532
"14238",14238,10,0.13827,0
"14239",14239,20,11.485885,0
"14240",14240,20,8.1053,0
"14241",14241,20,8.057205,0
"14308",14308,10,35.54604,0.9021
"14309",14309,10,0.83831,0
"14310",14310,10,0.61882,0
"14311",14311,10,0,0
"14312",14312,10,0.97846,0
"14313",14313,10,0.11978,0
"14323",14323,10,0,0
"14324",14324,10,0,0
"14336",14336,15,0,0
"14337",14337,14,0.05045,0
"14338",14338,14,0.0763714285714286,0
"14339",14339,13,0.164076923076923,0
"14340",14340,14,25.4323357142857,0.267
"14350",14350,20,4.080125,0
"14351",14351,20,4.812495,0
"14352",14352,10,0.90287,0
"14419",14419,10,57.36069,0.9947
"14420",14420,10,3.87218,0
"14421",14421,10,0,0
"14422",14422,10,1.75733,0
"14423",14423,10,0,0
"14424",14424,10,0.67874,0
"14447",14447,15,0,0
"14448",14448,15,0,0
"14449",14449,14,0.0554071428571429,0
"14450",14450,13,0.165230769230769,0
"14452",14452,14,0.692628571428571,0
"14453",14453,14,12.1633928571429,0
"14461",14461,20,1.612145,0
"14462",14462,20,2.07846,0
"14497",14497,10,34.92734,0.8887
"14498",14498,10,2.5748,0
"14499",14499,10,0.3194,0
"14500",14500,10,0.61906,0
"14501",14501,10,0.11981,0
"14502",14502,10,0.05989,0
"14526",14526,15,0,0
"14527",14527,14,0.235471428571429,0
"14529",14529,13,0.0596615384615385,0
"14530",14530,14,0.706485714285714,0
"14531",14531,14,21.7450142857143,0.0364
"14538",14538,10,0.27629,0
"14539",14539,20,2.31916,0
"14575",14575,10,37.90117,0.9393
"14576",14576,10,4.05182,0
"14577",14577,10,1.1578,0
"14578",14578,10,0.23964,0
"14579",14579,10,0.05991,0
"14580",14580,10,0,0
"14604",14604,15,0.0128933333333333,0
"14606",14606,14,0.14225,0
"14607",14607,13,0.0447615384615385,0
"14608",14608,14,0.101471428571429,0
"14609",14609,14,0,0
"14610",14610,14,72.3927285714286,0.9982
"14628",14628,10,17.10734,1e-04
"14629",14629,10,0.85838,0
"14630",14630,10,0.17973,0
"14631",14631,10,0,0
"14632",14632,10,0.05989,0
"14656",14656,15,0,0
"14657",14657,15,0.07172,0
"14658",14658,14,0.0138571428571429,0
"14659",14659,13,0.0700923076923077,0
"14661",14661,14,0.097,0
"14662",14662,14,19.16655,0.0016
"14682",14682,10,22.57435,0.0665
"14683",14683,10,1.25762,0
"14684",14684,10,0.73888,0
"14685",14685,10,0,0
"14686",14686,10,0.23955,0
"14711",14711,15,0.0128933333333333,0
"14712",14712,14,0.0562285714285714,0
"14714",14714,13,0.0746153846153846,0
"14715",14715,14,0.0415714285714286,0
"14716",14716,14,113.673707142857,0.9996
"14732",14732,10,38.38186,0.9439
"14733",14733,10,9.34226,0
"14734",14734,10,2.19666,0
"14735",14735,10,0,0
"14736",14736,10,0,0
"14761",14761,15,0,0
"14763",14763,14,0.152414285714286,0
"14764",14764,13,0.0895307692307692,0
"14765",14765,14,0.141435714285714,0
"14766",14766,14,0.220471428571429,0
"14767",14767,14,37.38145,0.9332
"14777",14777,10,105.59176,0.9996
"14778",14778,10,13.97483,0
"14779",14779,10,7.15623,0
"14780",14780,10,0,0
"14781",14781,10,0.16938,0
"14782",14782,6,0.337866666666667,0
"14806",14806,15,0,0
"14807",14807,15,0.0162666666666667,0
"14808",14808,14,0.193992857142857,0
"14809",14809,13,0.330392307692308,0
"14810",14810,13,0.215230769230769,0
"14811",14811,14,0.249428571428571,0
"14812",14812,14,18.7832214285714,0.0013
"14846",14846,6,23.6513,0.125
"14847",14847,6,19.8797833333333,0.0056
"14848",14848,6,6.07055,0
"14849",14849,6,8.87268333333333,0
"14850",14850,6,0.200133333333333,0
"14851",14851,6,0.300216666666667,0
"14876",14876,15,0,0
"14877",14877,14,0.177178571428571,0
"14879",14879,13,0.298476923076923,0
"14880",14880,14,0.415721428571429,0
"14881",14881,14,2.26200714285714,0
"14882",14882,14,9.56737142857143,0
"14905",14905,4,56.444325,0.9946
"14910",14910,6,17.2977333333333,1e-04
"14911",14911,6,42.0944333333333,0.9699
"14912",14912,6,13.6754166666667,0
"14913",14913,6,9.23961666666667,0
"14914",14914,6,1.33425,0
"14915",14915,6,0,0
"14940",14940,15,0.0133533333333333,0
"14942",14942,14,0.291014285714286,0
"14943",14943,13,1.20886153846154,0
"14944",14944,14,4.24103571428571,0
"14945",14945,14,6.85462142857143,0
"14946",14946,14,0.483278571428571,0
"14980",14980,4,36.7804,0.9239
"14981",14981,4,9.640275,0
"14983",14983,6,0,0
"14984",14984,6,30.2527166666667,0.6931
"14985",14985,6,11.1071333333333,0
"14986",14986,6,2.16813333333333,0
"14987",14987,6,4.43641666666667,0
"14988",14988,6,0.20015,0
"15014",15014,15,0,0
"15015",15015,15,0.6726,0
"15016",15016,15,1.98666,0
"15017",15017,14,0.390635714285714,0
"15018",15018,14,15.07475,0
"15019",15019,14,3.16132142857143,0
"15050",15050,4,2.795525,0
"15051",15051,4,0.5311,0
"15052",15052,4,1.11165,0
"15053",15053,4,0.418225,0
"15054",15054,4,3.21605,0
"15056",15056,6,0,0
"15057",15057,6,38.3579,0.9437
"15058",15058,6,10.1729666666667,0
"15059",15059,6,17.6116166666667,2e-04
"15060",15060,6,6.80475,0
"15061",15061,6,0.100066666666667,0
"15087",15087,15,0,0
"15088",15088,15,0.221153333333333,0
"15089",15089,14,0.2283,0
"15090",15090,14,0.6016,0
"15091",15091,14,8.02954285714286,0
"15134",15134,4,2.06755,0
"15135",15135,4,0.8434,0
"15136",15136,4,0.89015,0
"15137",15137,4,1.102975,0
"15138",15138,4,1.2122,0
"15139",15139,4,5.021775,0
"15140",15140,4,0.946475,0
"15143",15143,6,0,0
"15144",15144,6,55.4355,0.9936
"15145",15145,6,24.18165,0.1618
"15146",15146,6,5.33686666666667,0
"15147",15147,6,1.13411666666667,0
"15148",15148,6,1.70121666666667,0
"15174",15174,15,0,0
"15175",15175,15,1.12238666666667,0
"15176",15176,14,0.12105,0
"15177",15177,14,1.98218571428571,0
"15178",15178,14,37.7599857142857,0.9372
"15179",15179,14,7.82494285714286,0
"15219",15219,4,0.669775,0
"15220",15220,4,6.01105,0
"15221",15221,4,2.02015,0
"15222",15222,4,8.92075,0
"15223",15223,4,0.36625,0
"15224",15224,4,2.569725,0
"15225",15225,4,0.72425,0
"15230",15230,6,3.55933333333333,0
"15231",15231,6,18.2116666666667,6e-04
"15232",15232,6,4.60286666666667,0
"15233",15233,6,5.3035,0
"15234",15234,6,0.200133333333333,0
"15235",15235,6,3.6026,0
"15261",15261,15,0.0628266666666667,0
"15262",15262,14,4.47936428571429,0
"15263",15263,14,0.176035714285714,0
"15264",15264,14,0.79425,0
"15265",15265,14,66.1505571428571,0.9971
"15269",15269,27,44.6946814814815,0.9791
"15270",15270,27,227.425377777778,1
"15271",15271,27,42.5905407407407,0.9723
"15272",15272,27,24.1207444444444,0.1573
"15320",15320,4,0.2101,0
"15321",15321,4,1.276975,0
"15322",15322,4,0.661175,0
"15323",15323,4,4.03555,0
"15324",15324,4,4.2489,0
"15325",15325,4,3.28375,0
"15326",15326,4,2.088725,0
"15327",15327,4,9.3519,0
"15335",15335,6,19.7417333333333,0.0045
"15336",15336,6,7.60471666666667,0
"15337",15337,6,1.23415,0
"15338",15338,6,0.200133333333333,0
"15339",15339,6,1.40096666666667,0
"15365",15365,15,0.750966666666667,0
"15366",15366,14,0.107614285714286,0
"15367",15367,14,0.359992857142857,0
"15368",15368,14,0.332692857142857,0
"15369",15369,14,33.8751571428571,0.8601
"15372",15372,27,34.3029074074074,0.8721
"15373",15373,27,160.81162962963,0.9998
"15374",15374,27,169.021059259259,0.9998
"15375",15375,27,46.6404888888889,0.9848
"15376",15376,27,45.9559703703704,0.983
"15421",15421,4,0.8476,0
"15422",15422,4,0.713625,0
"15423",15423,4,2.04545,0
"15424",15424,4,2.494075,0
"15425",15425,4,2.729,0
"15426",15426,4,1.975325,0
"15427",15427,4,1.612725,0
"15428",15428,4,3.46455,0
"15429",15429,4,2.3162,0
"15430",15430,4,2.758725,0
"15435",15435,6,7.07008333333333,0
"15436",15436,6,3.1353,0
"15437",15437,6,0.400266666666667,0
"15438",15438,6,0.100066666666667,0
"15439",15439,6,1.23418333333333,0
"15464",15464,15,0.0628333333333333,0
"15465",15465,14,1.37127857142857,0
"15466",15466,14,0.0732071428571428,0
"15467",15467,14,0.175035714285714,0
"15468",15468,14,11.9206214285714,0
"15474",15474,27,67.6586333333333,0.9972
"15475",15475,27,81.2164555555555,0.9991
"15476",15476,27,12.7966555555556,0
"15477",15477,27,36.8020222222222,0.9242
"15478",15478,27,19.4282925925926,0.0027
"15527",15527,4,0.460625,0
"15528",15528,4,2.2937,0
"15529",15529,4,2.3226,0
"15530",15530,4,0.2187,0
"15531",15531,4,1.783775,0
"15532",15532,4,2.677575,0
"15533",15533,4,0.954475,0
"15534",15534,4,1.884325,0
"15535",15535,4,1.7017,0
"15536",15536,4,18.428725,7e-04
"15537",15537,4,82.145825,0.9992
"15538",15538,4,69.168425,0.9976
"15543",15543,6,17.7459833333333,4e-04
"15544",15544,6,3.5021,0
"15545",15545,6,2.40155,0
"15546",15546,6,0.200133333333333,0
"15547",15547,6,1.33426666666667,0
"15572",15572,15,0.0821133333333333,0
"15573",15573,14,0.107642857142857,0
"15574",15574,14,0.4939,0
"15575",15575,14,0.252007142857143,0
"15576",15576,14,3.20494285714286,0
"15581",15581,27,136.901,0.9998
"15582",15582,27,160.683759259259,0.9998
"15583",15583,27,10.4396814814815,0
"15584",15584,27,25.0878666666667,0.2392
"15585",15585,27,9.10898888888889,0
"15586",15586,27,1.77706296296296,0
"15587",15587,17,12.7200411764706,0
"15633",15633,4,0,0
"15634",15634,4,1.211375,0
"15635",15635,4,0.61705,0
"15636",15636,4,0.64815,0
"15637",15637,4,0.428525,0
"15638",15638,4,9.3608,0
"15639",15639,4,1.5171,0
"15640",15640,4,3.91855,0
"15641",15641,4,1.4176,0
"15642",15642,4,10.596275,0
"15643",15643,4,6.59235,0
"15649",15649,18,8.93447777777778,0
"15650",15650,18,0,0
"15651",15651,18,0.223338888888889,0
"15652",15652,19,1.61343157894737,0
"15653",15653,19,0.0614894736842105,0
"15654",15654,13,0,0
"15656",15656,13,0,0
"15677",15677,15,0.364506666666667,0
"15678",15678,14,0.318535714285714,0
"15679",15679,14,0.0341142857142857,0
"15680",15680,14,0.134664285714286,0
"15681",15681,14,9.96427857142857,0
"15683",15683,14,2.28937857142857,0
"15687",15687,27,101.443551851852,0.9995
"15688",15688,27,68.8626814814815,0.9975
"15689",15689,27,191.325922222222,0.9998
"15690",15690,27,15.4860703703704,0
"15691",15691,27,8.57024444444444,0
"15692",15692,27,27.7721037037037,0.4914
"15693",15693,27,11.6242518518519,0
"15694",15694,27,13.5036444444444,0
"15695",15695,27,43.6391925925926,0.9767
"15696",15696,27,128.893277777778,0.9998
"15697",15697,27,90.6366481481481,0.9993
"15746",15746,4,4.041325,0
"15747",15747,4,1.2849,0
"15748",15748,4,5.3679,0
"15749",15749,4,0.801125,0
"15750",15750,4,0.4813,0
"15751",15751,4,1.55255,0
"15752",15752,4,2.3804,0
"15753",15753,4,4.25195,0
"15754",15754,4,3.49835,0
"15763",15763,12,2.101075,0
"15765",15765,12,0.116733333333333,0
"15766",15766,13,0.384861538461538,0
"15767",15767,13,0.277092307692308,0
"15768",15768,13,0.0615769230769231,0
"15770",15770,13,0.0307846153846154,0
"15771",15771,13,0.470638461538462,0
"15791",15791,15,1.34631333333333,0
"15792",15792,14,0.134571428571429,0
"15793",15793,14,2.06201428571429,0
"15794",15794,14,4.17235714285714,0
"15795",15795,14,2.19537857142857,0
"15796",15796,14,2.18297142857143,0
"15803",15803,27,153.685814814815,0.9998
"15804",15804,27,763.341788888889,1
"15805",15805,27,4.59203703703704,0
"15806",15806,27,18.7069444444444,0.001
"15807",15807,27,59.9000777777778,0.9957
"15808",15808,27,69.5190925925926,0.9977
"15809",15809,27,32.0807148148148,0.7929
"15810",15810,27,35.3410444444444,0.8972
"15811",15811,27,136.0683,0.9998
"15812",15812,27,106.966540740741,0.9996
"15813",15813,27,399.061281481482,1
"15864",15864,4,3.113875,0
"15865",15865,4,1.418575,0
"15866",15866,4,0.42825,0
"15867",15867,4,0.61185,0
"15868",15868,4,0.18785,0
"15869",15869,4,7.884525,0
"15870",15870,4,1.2237,0
"15871",15871,4,11.010575,0
"15877",15877,12,0.683683333333333,0
"15879",15879,12,0.383558333333333,0
"15880",15880,13,0.246307692307692,0
"15881",15881,13,0.169330769230769,0
"15882",15882,13,0.0461846153846154,0
"15884",15884,13,0.338707692307692,0
"15885",15885,13,0.800607692307692,0
"15904",15904,15,0.502846666666667,0
"15906",15906,14,2.07715,0
"15907",15907,14,14.4923285714286,0
"15908",15908,14,0.949978571428571,0
"15909",15909,14,6.73104285714286,0
"15910",15910,14,6.95729285714286,0
"15914",15914,27,8.54384444444444,0
"15915",15915,27,51.9140777777778,0.9921
"15916",15916,27,155.022255555556,0.9998
"15917",15917,27,97.9392592592593,0.9995
"15918",15918,27,114.758114814815,0.9996
"15919",15919,27,617.130511111111,1
"15920",15920,27,745.568807407407,1
"15921",15921,27,380.281744444444,1
"15922",15922,27,702.906988888889,1
"15923",15923,27,214.993151851852,1
"15924",15924,27,160.146966666667,0.9998
"15925",15925,27,35.5002888888889,0.901
"15976",15976,4,0.2965,0
"15977",15977,4,0.7397,0
"15978",15978,4,0.47025,0
"15979",15979,4,0.833625,0
"15980",15980,4,2.847925,0
"15981",15981,4,6.725475,0
"15982",15982,4,8.583375,0
"15985",15985,12,3.29881666666667,0
"15986",15986,12,0.63365,0
"15988",15988,12,1.43419166666667,0
"15989",15989,13,0.446430769230769,0
"15990",15990,13,0.0923615384615385,0
"15991",15991,13,0.0769769230769231,0
"15993",15993,13,0.0923769230769231,0
"15994",15994,13,0.0308,0
"16013",16013,15,1.74738,0
"16014",16014,14,0.242278571428571,0
"16015",16015,14,0.09465,0
"16016",16016,14,0.305571428571429,0
"16017",16017,14,0.35025,0
"16018",16018,14,1.33570714285714,0
"16026",16026,27,13.4555222222222,0
"16027",16027,27,69.5202444444444,0.9977
"16028",16028,27,74.4113,0.9985
"16029",16029,27,90.3353407407407,0.9993
"16030",16030,27,46.0207888888889,0.9831
"16031",16031,27,17.7370518518519,4e-04
"16032",16032,27,111.661633333333,0.9996
"16033",16033,27,20.2062074074074,0.0076
"16034",16034,27,3917.28988148148,1
"16035",16035,27,25.6386444444444,0.2857
"16036",16036,27,74.9737740740741,0.9986
"16037",16037,27,8.72437037037037,0
"16092",16092,4,0.237,0
"16093",16093,4,0.573175,0
"16094",16094,4,1.642125,0
"16095",16095,4,39.01575,0.95
"16096",16096,4,26.900125,0.4109
"16101",16101,12,5.50233333333333,0
"16102",16102,12,5.336,0
"16104",16104,12,0.583666666666667,0
"16105",16105,13,0.692761538461539,0
"16106",16106,13,0.0615769230769231,0
"16107",16107,13,1.17002307692308,0
"16109",16109,13,0.0307846153846154,0
"16110",16110,13,0,0
"16128",16128,15,0.17524,0
"16130",16130,14,0.191228571428571,0
"16131",16131,14,0.363714285714286,0
"16132",16132,14,2.07719285714286,0
"16133",16133,14,70.8843428571429,0.9978
"16134",16134,14,0.861371428571429,0
"16142",16142,17,6.78129411764706,0
"16143",16143,17,3.23555294117647,0
"16144",16144,17,3.15607058823529,0
"16145",16145,17,1.22112941176471,0
"16146",16146,17,3.10817058823529,0
"16147",16147,17,7.47809411764706,0
"16149",16149,10,35.28676,0.8964
"16150",16150,10,47.34454,0.9864
"16204",16204,4,2.291,0
"16205",16205,4,3.83015,0
"16206",16206,4,22.860625,0.0804
"16209",16209,12,37.6671916666667,0.9362
"16210",16210,12,5.1359,0
"16212",16212,12,0.150075,0
"16213",16213,13,1.50860769230769,0
"16214",16214,13,0.0769692307692308,0
"16215",16215,13,0.0769692307692308,0
"16217",16217,13,0.169353846153846,0
"16218",16218,13,0.138546153846154,0
"16219",16219,13,0.0338153846153846,0
"16236",16236,15,5.87156,0
"16237",16237,14,0.538485714285714,0
"16238",16238,14,0.860114285714286,0
"16239",16239,14,0.924957142857143,0
"16240",16240,14,5.99536428571429,0
"16241",16241,14,5.44016428571429,0
"16324",16324,12,5.336,0
"16326",16326,12,7.75448333333333,0
"16327",16327,13,1.03138461538462,0
"16328",16328,13,3.3867,0
"16329",16329,13,1.17,0
"16331",16331,13,0.107761538461538,0
"16332",16332,13,0.0923692307692308,0
"16333",16333,13,0.0154,0
"16349",16349,15,0.503786666666667,0
"16351",16351,14,0.190828571428571,0
"16352",16352,14,6.0495,0
"16353",16353,14,0.0876857142857143,0
"16354",16354,14,3.70675714285714,0
"16420",16420,12,4.6427,0
"16422",16422,12,4.25244166666667,0
"16423",16423,13,1.18531538461538,0
"16424",16424,13,0.4772,0
"16425",16425,13,2.52473076923077,0
"16427",16427,13,0.184738461538462,0
"16428",16428,13,0.0615846153846154,0
"16429",16429,13,0.769823076923077,0
"16445",16445,15,0.264086666666667,0
"16446",16446,14,0.175035714285714,0
"16447",16447,14,0.0526642857142857,0
"16448",16448,14,0.850971428571429,0
"16449",16449,14,0.148242857142857,0
"16522",16522,12,4.13563333333333,0
"16523",16523,13,2.29370769230769,0
"16524",16524,13,10.4064230769231,0
"16525",16525,13,1.98592307692308,0
"16527",16527,13,8.69839230769231,0
"16528",16528,13,0.138553846153846,0
"16529",16529,13,2.32484615384615,0
"16544",16544,15,0.09952,0
"16545",16545,15,0.156053333333333,0
"16546",16546,14,0.646271428571428,0
"16547",16547,14,44.1047071428571,0.9782
"16548",16548,14,23.4965857142857,0.1156
"16549",16549,14,6.46271428571429,0
"16616",16616,13,3.7253,0
"16617",16617,13,2.00123076923077,0
"16618",16618,13,4.64923076923077,0
"16620",16620,13,2.66339230769231,0
"16621",16621,13,0.153938461538462,0
"16622",16622,13,0.0615923076923077,0
"16637",16637,15,0.0880533333333333,0
"16638",16638,14,0.533685714285714,0
"16640",16640,14,0.256907142857143,0
"16641",16641,14,3.11582857142857,0
"16645",16645,17,190.245423529412,0.9998
"16646",16646,17,28.3887529411765,0.5477
"16719",16719,13,3.76016153846154,0
"16720",16720,13,4.98859230769231,0
"16721",16721,13,3.27907692307692,0
"16723",16723,13,1.44104615384615,0
"16724",16724,13,2.43466923076923,0
"16725",16725,13,0.246353846153846,0
"16739",16739,15,0.05704,0
"16740",16740,15,0.2229,0
"16741",16741,14,1.06381428571429,0
"16742",16742,14,0.835621428571429,0
"16746",16746,27,38.1552,0.9417
"16747",16747,27,35.7497740740741,0.9061
"16748",16748,27,28.8889592592593,0.5913
"16749",16749,27,2.4184,0
"16816",16816,15,6.40846666666667,0
"16817",16817,15,2.75392,0
"16818",16818,15,7.56456666666667,0
"16819",16819,15,2.68256666666667,0
"16820",16820,15,0.393466666666667,0
"16821",16821,15,0.4829,0
"16822",16822,15,1.37716,0
"16823",16823,15,1.01948666666667,0
"16824",16824,15,2.11051333333333,0
"16825",16825,15,0.590246666666667,0
"16826",16826,15,0.32196,0
"16827",16827,15,0.57238,0
"16828",16828,15,0.0178866666666667,0
"16829",16829,15,0.0894333333333333,0
"16830",16830,15,0.0715533333333333,0
"16831",16831,15,0.05366,0
"16832",16832,15,0.0894466666666667,0
"16833",16833,15,0.08944,0
"16834",16834,15,0.107326666666667,0
"16835",16835,15,0.214666666666667,0
"16836",16836,16,0.98720625,0
"16837",16837,16,1.1938375,0
"16838",16838,16,0.87209375,0
"16839",16839,16,22.49765625,0.0636
"16840",16840,15,0.85218,0
"16844",16844,27,25.6957296296296,0.2907
"16845",16845,27,28.5104925925926,0.5598
"16846",16846,27,3.48754074074074,0
"16847",16847,27,146.387518518519,0.9998
"16848",16848,27,5.08026296296296,0
"16849",16849,17,0.413841176470588,0
"16914",16914,15,5.6054,0
"16915",16915,15,1.10789333333333,0
"16916",16916,15,5.02156,0
"16917",16917,15,7.04106666666667,0
"16918",16918,15,0.78634,0
"16919",16919,15,2.62712,0
"16920",16920,15,0.929353333333333,0
"16921",16921,15,2.14470666666667,0
"16922",16922,15,2.55592,0
"16923",16923,15,0.482593333333333,0
"16924",16924,15,0.44686,0
"16925",16925,15,0.125126666666667,0
"16926",16926,15,0.214506666666667,0
"16927",16927,15,0.303886666666667,0
"16928",16928,15,0.625646666666667,0
"16929",16929,15,0.142993333333333,0
"16930",16930,15,0.1609,0
"16931",16931,15,0.196653333333333,0
"16932",16932,15,0.3218,0
"16933",16933,15,1.80567333333333,0
"16934",16934,15,2.02026666666667,0
"16935",16935,15,9.69034,0
"16936",16936,15,8.43882666666667,0
"16937",16937,15,10.63276,0
"16940",16940,27,4.90482222222222,0
"16941",16941,27,0.5458,0
"16942",16942,27,5.06288148148148,0
"16943",16943,27,13.3533148148148,0
"16944",16944,27,1.71774074074074,0
"16945",16945,27,1.14796666666667,0
"17008",17008,14,17.7843857142857,4e-04
"17009",17009,14,5.1473,0
"17010",17010,14,12.0553142857143,0
"17011",17011,14,3.10000714285714,0
"17012",17012,14,1.09076428571429,0
"17013",17013,14,1.07167142857143,0
"17014",17014,14,1.24389285714286,0
"17015",17015,14,4.65038571428571,0
"17016",17016,14,3.80845714285714,0
"17017",17017,14,0.440185714285714,0
"17018",17018,14,1.99043571428571,0
"17019",17019,14,1.51197857142857,0
"17020",17020,14,1.30148571428571,0
"17021",17021,14,0.133985714285714,0
"17022",17022,14,0.267971428571429,0
"17023",17023,14,0.191407142857143,0
"17024",17024,14,0.11485,0
"17025",17025,14,0.153135714285714,0
"17026",17026,14,12.99675,0
"17027",17027,14,8.38400714285714,0
"17028",17028,14,0.861378571428571,0
"17029",17029,14,0.937978571428571,0
"17035",17035,27,27.0727111111111,0.4268
"17036",17036,27,13.2927037037037,0
"17037",17037,27,3.62195185185185,0
"17038",17038,27,1.02691111111111,0
"17039",17039,27,0.855085185185185,0
"17103",17103,13,4.19463076923077,0
"17104",17104,13,1.42093076923077,0
"17105",17105,13,1.2562,0
"17106",17106,13,0.473653846153846,0
"17107",17107,13,1.1327,0
"17108",17108,13,0.185346153846154,0
"17109",17109,13,0.247130769230769,0
"17110",17110,13,0.865015384615385,0
"17111",17111,13,1.13275384615385,0
"17112",17112,13,1.66832307692308,0
"17113",17113,13,1.31820769230769,0
"17114",17114,13,3.58385384615385,0
"17115",17115,13,1.35943846153846,0
"17116",17116,13,0.720923076923077,0
"17117",17117,13,1.23586153846154,0
"17118",17118,13,0.844507692307692,0
"17119",17119,13,14.6863461538462,0
"17120",17120,13,11.1435,0
"17121",17121,13,4.98484615384615,0
"17122",17122,13,3.91372307692308,0
"17123",17123,13,7.67554615384615,0
"17128",17128,27,97.126137037037,0.9995
"17129",17129,27,36.7611407407407,0.9236
"17130",17130,27,3.26315185185185,0
"17131",17131,27,0.932325925925926,0
"17132",17132,27,1.89267777777778,0
"17192",17192,13,2.35392307692308,0
"17193",17193,13,4.07423846153846,0
"17194",17194,13,1.50215384615385,0
"17195",17195,13,2.0578,0
"17196",17196,13,1.21410769230769,0
"17197",17197,13,1.62576153846154,0
"17198",17198,13,0.679115384615385,0
"17199",17199,13,1.58466923076923,0
"17200",17200,13,1.72880769230769,0
"17201",17201,13,3.0255,0
"17202",17202,13,6.21576923076923,0
"17203",17203,13,3.89009230769231,0
"17204",17204,13,5.04286153846154,0
"17205",17205,13,1.07032307692308,0
"17206",17206,13,3.45805384615385,0
"17207",17207,13,3.54048461538462,0
"17208",17208,13,3.97284615384615,0
"17209",17209,13,0.699876923076923,0
"17210",17210,13,0.638138461538462,0
"17211",17211,13,37.6587384615385,0.936
"17215",17215,27,14.7824333333333,0
"17216",17216,27,15.8614555555556,0
"17217",17217,27,5.69626666666667,0
"17218",17218,27,7.44184444444444,0
"17219",17219,27,27.0928888888889,0.4285
"17274",17274,14,3.31756428571429,0
"17275",17275,14,1.35577142857143,0
"17276",17276,14,0.916571428571428,0
"17277",17277,14,4.48752857142857,0
"17278",17278,14,3.60927142857143,0
"17279",17279,14,1.79512857142857,0
"17280",17280,14,0.47745,0
"17281",17281,14,1.62333571428571,0
"17282",17282,14,1.66158571428571,0
"17283",17283,14,9.2819,0
"17284",17284,14,4.54557857142857,0
"17285",17285,14,3.18962142857143,0
"17286",17286,14,0.572985714285714,0
"17287",17287,14,0.0382,0
"17288",17288,14,0.2483,0
"17289",17289,14,0.3056,0
"17290",17290,14,0.781407142857143,0
"17296",17296,27,74.2951592592593,0.9985
"17297",17297,27,529.760844444444,1
"17298",17298,27,196.414240740741,0.9998
"17299",17299,27,44.0314555555556,0.9779
"17300",17300,27,9.66463703703704,0
"17354",17354,13,13.8500076923077,0
"17355",17355,13,0.678115384615385,0
"17356",17356,13,1.08916923076923,0
"17357",17357,13,19.3586923076923,0.0025
"17358",17358,13,0.760407692307692,0
"17359",17359,13,0.411046153846154,0
"17360",17360,13,1.06876153846154,0
"17361",17361,13,2.71306923076923,0
"17362",17362,13,2.56924615384615,0
"17363",17363,13,1.23326153846154,0
"17364",17364,13,0.411084615384615,0
"17365",17365,13,0.513869230769231,0
"17366",17366,13,0.678330769230769,0
"17367",17367,13,7.22526923076923,0
"17371",17371,27,47.0002592592593,0.9856
"17372",17372,27,56.0503703703704,0.9941
"17373",17373,27,81.6681814814815,0.9992
"17374",17374,27,102.180611111111,0.9996
"17424",17424,14,8.63872142857143,0
"17425",17425,14,3.03213571428571,0
"17426",17426,14,0.572107142857143,0
"17427",17427,14,0.343278571428571,0
"17428",17428,14,0.457714285714286,0
"17429",17429,14,0.877285714285714,0
"17430",17430,14,0.419578571428571,0
"17431",17431,14,0.324221428571429,0
"17432",17432,14,0.247935714285714,0
"17433",17433,14,2.59390714285714,0
"17434",17434,14,0.704914285714286,0
"17492",17492,14,1.22232142857143,0
"17493",17493,14,3.60192142857143,0
"17494",17494,14,0.533621428571429,0
"17495",17495,14,5.24115714285714,0
"17496",17496,14,0.30495,0
"17497",17497,14,0.876735714285714,0
