grid_id,surveyed,num_times_block_surveyed,season_hotspot_75,season_hotspot_95,season_hotspot_99,prop_hotspot_75,prop_hotspot_95,prop_hotspot_99
6207,1,1,0,0,0,0,0,0
6208,1,1,0,0,0,0,0,0
6209,1,1,0,0,0,0,0,0
6210,1,1,0,0,0,0,0,0
6211,1,1,0,0,0,0,0,0
6212,1,1,1,1,0,1,1,0
6297,1,1,0,0,0,0,0,0
6298,1,1,1,1,0,1,1,0
6299,1,1,1,0,0,1,0,0
6300,1,1,0,0,0,0,0,0
6301,1,1,0,0,0,0,0,0
6302,1,1,0,0,0,0,0,0
6303,1,1,1,0,0,1,0,0
6304,1,1,1,1,0,1,1,0
6305,1,1,0,0,0,0,0,0
6306,1,1,0,0,0,0,0,0
6307,1,1,0,0,0,0,0,0
6398,1,1,0,0,0,0,0,0
6399,1,1,0,0,0,0,0,0
6400,1,1,1,0,0,1,0,0
6401,1,1,1,0,0,1,0,0
6402,1,1,0,0,0,0,0,0
6403,1,1,0,0,0,0,0,0
6404,1,1,1,1,0,1,1,0
6405,1,1,1,0,0,1,0,0
6406,1,1,1,0,0,1,0,0
6407,1,1,1,0,0,1,0,0
6408,1,1,1,0,0,1,0,0
6409,1,1,0,0,0,0,0,0
6410,1,1,0,0,0,0,0,0
6411,1,1,0,0,0,0,0,0
6412,1,1,0,0,0,0,0,0
6510,1,3,1,0,0,0.333333333,0,0
6511,1,3,1,1,0,0.333333333,0.333333333,0
6512,1,3,2,1,0,0.666666667,0.333333333,0
6513,1,3,1,0,0,0.333333333,0,0
6514,1,3,1,1,0,0.333333333,0.333333333,0
6517,1,1,0,0,0,0,0,0
6518,1,1,0,0,0,0,0,0
6519,1,1,1,0,0,1,0,0
6520,1,1,1,0,0,1,0,0
6521,1,1,1,0,0,1,0,0
6522,1,1,1,1,0,1,1,0
6523,1,1,1,0,0,1,0,0
6524,1,1,1,0,0,1,0,0
6525,1,1,1,0,0,1,0,0
6526,1,1,0,0,0,0,0,0
6527,1,1,1,0,0,1,0,0
6528,1,1,0,0,0,0,0,0
6529,1,1,1,1,0,1,1,0
6530,1,1,1,1,0,1,1,0
6531,1,1,1,1,0,1,1,0
6532,1,1,0,0,0,0,0,0
6533,1,1,0,0,0,0,0,0
6534,1,1,0,0,0,0,0,0
6535,1,1,0,0,0,0,0,0
6536,1,1,0,0,0,0,0,0
6537,1,1,0,0,0,0,0,0
6538,1,1,0,0,0,0,0,0
6539,1,1,0,0,0,0,0,0
6650,1,3,0,0,0,0,0,0
6651,1,3,1,0,0,0.333333333,0,0
6652,1,3,2,1,0,0.666666667,0.333333333,0
6653,1,3,0,0,0,0,0,0
6654,1,3,0,0,0,0,0,0
6658,1,1,0,0,0,0,0,0
6659,1,1,0,0,0,0,0,0
6660,1,1,1,0,0,1,0,0
6661,1,1,0,0,0,0,0,0
6662,1,1,1,0,0,1,0,0
6663,1,1,1,0,0,1,0,0
6664,1,1,1,0,0,1,0,0
6665,1,1,1,0,0,1,0,0
6666,1,1,1,1,0,1,1,0
6667,1,1,1,0,0,1,0,0
6668,1,1,1,0,0,1,0,0
6669,1,1,1,1,0,1,1,0
6670,1,1,1,0,0,1,0,0
6671,1,1,1,0,0,1,0,0
6672,1,1,1,0,0,1,0,0
6673,1,1,0,0,0,0,0,0
6674,1,1,1,0,0,1,0,0
6675,1,1,1,1,0,1,1,0
6676,1,1,1,1,0,1,1,0
6677,1,1,0,0,0,0,0,0
6678,1,1,0,0,0,0,0,0
6679,1,1,0,0,0,0,0,0
6680,1,1,1,0,0,1,0,0
6681,1,1,0,0,0,0,0,0
6682,1,1,1,0,0,1,0,0
6792,1,3,2,1,0,0.666666667,0.333333333,0
6793,1,3,1,1,0,0.333333333,0.333333333,0
6794,1,3,2,1,0,0.666666667,0.333333333,0
6795,1,3,2,1,0,0.666666667,0.333333333,0
6796,1,3,1,0,0,0.333333333,0,0
6800,1,1,1,0,0,1,0,0
6801,1,1,0,0,0,0,0,0
6802,1,1,1,1,0,1,1,0
6803,1,1,1,1,0,1,1,0
6804,1,1,0,0,0,0,0,0
6805,1,1,1,1,0,1,1,0
6806,1,1,1,1,0,1,1,0
6807,1,1,1,1,0,1,1,0
6808,1,1,1,1,0,1,1,0
6809,1,1,1,1,0,1,1,0
6810,1,1,1,1,0,1,1,0
6811,1,1,1,1,0,1,1,0
6812,1,1,1,1,0,1,1,0
6813,1,1,1,1,0,1,1,0
6814,1,1,0,0,0,0,0,0
6815,1,1,1,1,0,1,1,0
6816,1,1,1,0,0,1,0,0
6817,1,1,1,1,0,1,1,0
6818,1,1,1,0,0,1,0,0
6819,1,1,1,1,0,1,1,0
6820,1,1,1,1,0,1,1,0
6821,1,1,1,1,0,1,1,0
6822,1,1,1,1,0,1,1,0
6823,1,1,1,1,0,1,1,0
6824,1,1,1,1,0,1,1,0
6825,1,1,1,1,0,1,1,0
6826,1,1,1,0,0,1,0,0
6930,1,3,1,1,1,0.333333333,0.333333333,0.333333333
6931,1,3,2,2,0,0.666666667,0.666666667,0
6932,1,3,2,1,0,0.666666667,0.333333333,0
6933,1,3,1,1,1,0.333333333,0.333333333,0.333333333
6934,1,3,1,0,0,0.333333333,0,0
6938,1,1,1,0,0,1,0,0
6939,1,1,0,0,0,0,0,0
6940,1,1,1,1,0,1,1,0
6941,1,1,1,0,0,1,0,0
6942,1,1,1,0,0,1,0,0
6943,1,1,1,1,0,1,1,0
6944,1,1,1,0,0,1,0,0
6945,1,1,1,1,0,1,1,0
6946,1,1,1,0,0,1,0,0
6947,1,1,1,1,0,1,1,0
6948,1,1,1,1,0,1,1,0
6949,1,1,1,0,0,1,0,0
6950,1,1,1,1,0,1,1,0
6951,1,1,1,1,0,1,1,0
6952,1,1,1,0,0,1,0,0
6953,1,1,0,0,0,0,0,0
6954,1,1,1,0,0,1,0,0
6955,1,1,1,1,0,1,1,0
6956,1,1,0,0,0,0,0,0
6957,1,1,1,1,0,1,1,0
6958,1,1,1,0,0,1,0,0
6959,1,1,1,1,0,1,1,0
6960,1,1,0,0,0,0,0,0
6961,1,1,1,0,0,1,0,0
6962,1,1,0,0,0,0,0,0
6963,1,1,1,1,0,1,1,0
6964,1,1,1,0,0,1,0,0
6965,1,1,0,0,0,0,0,0
6966,1,1,0,0,0,0,0,0
7066,1,3,1,0,0,0.333333333,0,0
7067,1,3,1,0,0,0.333333333,0,0
7068,1,3,2,1,0,0.666666667,0.333333333,0
7069,1,3,2,1,0,0.666666667,0.333333333,0
7070,1,3,2,2,0,0.666666667,0.666666667,0
7071,1,3,1,1,0,0.333333333,0.333333333,0
7075,1,1,0,0,0,0,0,0
7076,1,1,0,0,0,0,0,0
7077,1,1,1,0,0,1,0,0
7078,1,1,0,0,0,0,0,0
7079,1,1,1,0,0,1,0,0
7080,1,1,1,1,0,1,1,0
7081,1,1,1,0,0,1,0,0
7082,1,1,1,1,0,1,1,0
7083,1,1,1,1,0,1,1,0
7084,1,1,1,1,1,1,1,1
7085,1,1,1,0,0,1,0,0
7086,1,1,0,0,0,0,0,0
7087,1,1,1,0,0,1,0,0
7088,1,1,0,0,0,0,0,0
7089,1,1,1,0,0,1,0,0
7090,1,1,1,0,0,1,0,0
7091,1,1,0,0,0,0,0,0
7092,1,1,0,0,0,0,0,0
7093,1,1,0,0,0,0,0,0
7094,1,1,1,0,0,1,0,0
7095,1,1,1,0,0,1,0,0
7096,1,1,1,0,0,1,0,0
7097,1,1,1,1,0,1,1,0
7098,1,1,1,1,0,1,1,0
7099,1,1,0,0,0,0,0,0
7100,1,1,1,0,0,1,0,0
7101,1,1,1,0,0,1,0,0
7102,1,1,1,0,0,1,0,0
7103,1,1,1,0,0,1,0,0
7211,1,3,1,0,0,0.333333333,0,0
7212,1,3,2,1,0,0.666666667,0.333333333,0
7213,1,3,1,0,0,0.333333333,0,0
7214,1,3,1,1,0,0.333333333,0.333333333,0
7215,1,3,1,1,1,0.333333333,0.333333333,0.333333333
7216,1,3,1,1,0,0.333333333,0.333333333,0
7355,1,3,1,1,0,0.333333333,0.333333333,0
7356,1,3,0,0,0,0,0,0
7357,1,3,1,0,0,0.333333333,0,0
7358,1,3,0,0,0,0,0,0
7359,1,3,1,1,0,0.333333333,0.333333333,0
7360,1,3,1,0,0,0.333333333,0,0
7507,1,3,2,0,0,0.666666667,0,0
7508,1,3,1,0,0,0.333333333,0,0
7509,1,3,2,1,0,0.666666667,0.333333333,0
7510,1,3,1,0,0,0.333333333,0,0
7511,1,3,1,0,0,0.333333333,0,0
7512,1,3,1,0,0,0.333333333,0,0
7652,1,3,1,0,0,0.333333333,0,0
7653,1,3,1,0,0,0.333333333,0,0
7654,1,3,2,2,0,0.666666667,0.666666667,0
7655,1,3,1,0,0,0.333333333,0,0
7656,1,3,1,1,0,0.333333333,0.333333333,0
7657,1,3,1,0,0,0.333333333,0,0
7658,1,3,1,1,0,0.333333333,0.333333333,0
7798,1,3,1,1,0,0.333333333,0.333333333,0
7799,1,3,2,1,0,0.666666667,0.333333333,0
7800,1,3,2,2,0,0.666666667,0.666666667,0
7801,1,3,0,0,0,0,0,0
7802,1,3,0,0,0,0,0,0
7803,1,3,1,0,0,0.333333333,0,0
7804,1,3,0,0,0,0,0,0
7936,1,3,1,1,0,0.333333333,0.333333333,0
7937,1,3,1,1,0,0.333333333,0.333333333,0
7938,1,3,1,0,0,0.333333333,0,0
7939,1,3,1,1,0,0.333333333,0.333333333,0
7940,1,3,0,0,0,0,0,0
7941,1,3,0,0,0,0,0,0
7942,1,3,0,0,0,0,0,0
8079,1,3,1,0,0,0.333333333,0,0
8080,1,3,1,0,0,0.333333333,0,0
8081,1,3,2,1,0,0.666666667,0.333333333,0
8082,1,3,2,1,0,0.666666667,0.333333333,0
8083,1,3,0,0,0,0,0,0
8084,1,3,0,0,0,0,0,0
8085,1,3,1,0,0,0.333333333,0,0
8098,1,7,2,2,0,0.285714286,0.285714286,0
8099,1,7,2,2,0,0.285714286,0.285714286,0
8100,1,7,4,2,0,0.571428571,0.285714286,0
8224,1,3,1,1,0,0.333333333,0.333333333,0
8225,1,3,2,1,0,0.666666667,0.333333333,0
8226,1,3,1,1,0,0.333333333,0.333333333,0
8227,1,3,0,0,0,0,0,0
8228,1,3,1,0,0,0.333333333,0,0
8229,1,3,0,0,0,0,0,0
8230,1,3,0,0,0,0,0,0
8243,1,7,1,1,0,0.142857143,0.142857143,0
8244,1,7,1,1,0,0.142857143,0.142857143,0
8245,1,7,5,3,0,0.714285714,0.428571429,0
8246,1,7,1,0,0,0.142857143,0,0
8247,1,7,2,1,0,0.285714286,0.142857143,0
8248,1,6,1,0,0,0.166666667,0,0
8377,1,3,2,1,0,0.666666667,0.333333333,0
8378,1,3,2,1,0,0.666666667,0.333333333,0
8379,1,3,2,2,0,0.666666667,0.666666667,0
8380,1,3,1,1,1,0.333333333,0.333333333,0.333333333
8381,1,3,1,0,0,0.333333333,0,0
8382,1,3,1,0,0,0.333333333,0,0
8383,1,3,1,0,0,0.333333333,0,0
8396,1,7,0,0,0,0,0,0
8397,1,7,2,1,0,0.285714286,0.142857143,0
8398,1,7,3,1,0,0.428571429,0.142857143,0
8399,1,7,5,2,0,0.714285714,0.285714286,0
8400,1,7,7,6,1,1,0.857142857,0.142857143
8401,1,6,3,2,0,0.5,0.333333333,0
8402,1,6,4,2,0,0.666666667,0.333333333,0
8522,1,3,1,0,0,0.333333333,0,0
8523,1,3,1,1,0,0.333333333,0.333333333,0
8524,1,3,2,2,0,0.666666667,0.666666667,0
8525,1,3,1,1,0,0.333333333,0.333333333,0
8526,1,3,1,0,0,0.333333333,0,0
8527,1,3,0,0,0,0,0,0
8528,1,3,0,0,0,0,0,0
8541,1,7,2,1,0,0.285714286,0.142857143,0
8542,1,7,1,0,0,0.142857143,0,0
8543,1,7,3,1,0,0.428571429,0.142857143,0
8544,1,7,1,1,0,0.142857143,0.142857143,0
8545,1,7,3,1,0,0.428571429,0.142857143,0
8546,1,6,5,3,0,0.833333333,0.5,0
8547,1,6,4,1,0,0.666666667,0.166666667,0
8548,1,6,2,0,0,0.333333333,0,0
8549,1,6,1,0,0,0.166666667,0,0
8550,1,6,1,0,0,0.166666667,0,0
8671,1,3,1,0,0,0.333333333,0,0
8672,1,3,1,0,0,0.333333333,0,0
8673,1,3,2,1,0,0.666666667,0.333333333,0
8674,1,3,1,0,0,0.333333333,0,0
8675,1,3,2,0,0,0.666666667,0,0
8676,1,3,0,0,0,0,0,0
8677,1,3,0,0,0,0,0,0
8689,1,7,1,0,0,0.142857143,0,0
8690,1,7,2,2,0,0.285714286,0.285714286,0
8691,1,7,3,2,0,0.428571429,0.285714286,0
8692,1,7,2,0,0,0.285714286,0,0
8693,1,7,7,3,0,1,0.428571429,0
8694,1,7,3,1,0,0.428571429,0.142857143,0
8695,1,6,6,5,0,1,0.833333333,0
8696,1,6,5,4,3,0.833333333,0.666666667,0.5
8697,1,6,3,0,0,0.5,0,0
8698,1,6,0,0,0,0,0,0
8699,1,6,2,0,0,0.333333333,0,0
8700,1,6,1,1,0,0.166666667,0.166666667,0
8701,1,6,1,1,0,0.166666667,0.166666667,0
8806,1,3,1,1,0,0.333333333,0.333333333,0
8807,1,3,1,1,0,0.333333333,0.333333333,0
8808,1,3,1,1,0,0.333333333,0.333333333,0
8809,1,3,2,2,0,0.666666667,0.666666667,0
8810,1,3,0,0,0,0,0,0
8811,1,3,0,0,0,0,0,0
8812,1,3,0,0,0,0,0,0
8824,1,7,0,0,0,0,0,0
8825,1,7,0,0,0,0,0,0
8826,1,7,3,0,0,0.428571429,0,0
8827,1,7,2,1,0,0.285714286,0.142857143,0
8828,1,7,4,2,0,0.571428571,0.285714286,0
8829,1,7,1,0,0,0.142857143,0,0
8830,1,6,3,2,0,0.5,0.333333333,0
8831,1,6,2,0,0,0.333333333,0,0
8832,1,6,4,1,0,0.666666667,0.166666667,0
8833,1,6,1,0,0,0.166666667,0,0
8834,1,6,1,0,0,0.166666667,0,0
8835,1,6,3,0,0,0.5,0,0
8836,1,6,2,0,0,0.333333333,0,0
8837,1,6,2,1,0,0.333333333,0.166666667,0
8838,1,7,3,1,0,0.428571429,0.142857143,0
8839,1,7,1,1,0,0.142857143,0.142857143,0
8936,1,3,2,1,0,0.666666667,0.333333333,0
8937,1,3,1,0,0,0.333333333,0,0
8938,1,3,2,1,0,0.666666667,0.333333333,0
8939,1,3,0,0,0,0,0,0
8940,1,3,1,0,0,0.333333333,0,0
8941,1,3,0,0,0,0,0,0
8953,1,7,0,0,0,0,0,0
8954,1,7,0,0,0,0,0,0
8955,1,7,2,0,0,0.285714286,0,0
8956,1,7,1,1,0,0.142857143,0.142857143,0
8957,1,7,7,3,0,1,0.428571429,0
8958,1,7,7,4,0,1,0.571428571,0
8959,1,6,5,1,0,0.833333333,0.166666667,0
8960,1,6,0,0,0,0,0,0
8961,1,6,0,0,0,0,0,0
8962,1,6,2,0,0,0.333333333,0,0
8963,1,6,1,0,0,0.166666667,0,0
8964,1,6,3,0,0,0.5,0,0
8965,1,6,2,2,0,0.333333333,0.333333333,0
8966,1,6,6,1,0,1,0.166666667,0
8967,1,7,2,0,0,0.285714286,0,0
8968,1,7,0,0,0,0,0,0
9067,1,3,2,2,0,0.666666667,0.666666667,0
9068,1,3,0,0,0,0,0,0
9069,1,3,2,2,0,0.666666667,0.666666667,0
9070,1,3,1,0,0,0.333333333,0,0
9072,1,3,0,0,0,0,0,0
9084,1,7,1,0,0,0.142857143,0,0
9085,1,7,2,1,0,0.285714286,0.142857143,0
9086,1,7,1,0,0,0.142857143,0,0
9087,1,7,1,0,0,0.142857143,0,0
9088,1,7,4,1,0,0.571428571,0.142857143,0
9089,1,6,2,0,0,0.333333333,0,0
9090,1,6,0,0,0,0,0,0
9091,1,6,4,2,0,0.666666667,0.333333333,0
9092,1,6,2,0,0,0.333333333,0,0
9093,1,6,4,0,0,0.666666667,0,0
9094,1,6,1,0,0,0.166666667,0,0
9095,1,6,2,0,0,0.333333333,0,0
9096,1,6,3,1,0,0.5,0.166666667,0
9097,1,6,4,2,0,0.666666667,0.333333333,0
9098,1,7,0,0,0,0,0,0
9099,1,7,0,0,0,0,0,0
9195,1,3,1,0,0,0.333333333,0,0
9196,1,3,1,0,0,0.333333333,0,0
9197,1,3,2,1,0,0.666666667,0.333333333,0
9198,1,3,1,0,0,0.333333333,0,0
9199,1,3,1,0,0,0.333333333,0,0
9200,1,3,1,0,0,0.333333333,0,0
9213,1,7,0,0,0,0,0,0
9214,1,7,0,0,0,0,0,0
9215,1,7,2,0,0,0.285714286,0,0
9216,1,7,1,1,0,0.142857143,0.142857143,0
9217,1,6,6,3,0,1,0.5,0
9218,1,6,6,5,0,1,0.833333333,0
9219,1,6,2,1,0,0.333333333,0.166666667,0
9220,1,6,4,2,0,0.666666667,0.333333333,0
9221,1,6,3,1,0,0.5,0.166666667,0
9222,1,6,5,4,0,0.833333333,0.666666667,0
9223,1,6,4,0,0,0.666666667,0,0
9224,1,6,2,0,0,0.333333333,0,0
9225,1,6,4,0,0,0.666666667,0,0
9226,1,7,5,3,0,0.714285714,0.428571429,0
9227,1,7,0,0,0,0,0,0
9328,1,3,1,0,0,0.333333333,0,0
9329,1,3,1,0,0,0.333333333,0,0
9330,1,3,1,0,0,0.333333333,0,0
9331,1,3,0,0,0,0,0,0
9332,1,3,1,0,0,0.333333333,0,0
9345,1,7,0,0,0,0,0,0
9346,1,7,0,0,0,0,0,0
9347,1,7,3,0,0,0.428571429,0,0
9348,1,7,0,0,0,0,0,0
9349,1,6,5,4,0,0.833333333,0.666666667,0
9350,1,6,5,2,0,0.833333333,0.333333333,0
9351,1,6,5,2,0,0.833333333,0.333333333,0
9352,1,6,6,5,1,1,0.833333333,0.166666667
9353,1,6,6,5,1,1,0.833333333,0.166666667
9354,1,6,3,1,0,0.5,0.166666667,0
9355,1,6,3,2,0,0.5,0.333333333,0
9356,1,6,6,5,0,1,0.833333333,0
9357,1,7,5,3,0,0.714285714,0.428571429,0
9358,1,7,3,2,0,0.428571429,0.285714286,0
9359,1,7,0,0,0,0,0,0
9465,1,15,8,3,0,0.533333333,0.2,0
9466,1,15,6,3,1,0.4,0.2,0.066666667
9467,1,15,6,4,0,0.4,0.266666667,0
9468,1,15,2,0,0,0.133333333,0,0
9469,1,15,0,0,0,0,0,0
9470,1,15,1,1,0,0.066666667,0.066666667,0
9482,1,7,1,0,0,0.142857143,0,0
9483,1,7,1,0,0,0.142857143,0,0
9484,1,7,1,1,0,0.142857143,0.142857143,0
9485,1,7,1,0,0,0.142857143,0,0
9486,1,6,5,4,1,0.833333333,0.666666667,0.166666667
9487,1,6,5,3,0,0.833333333,0.5,0
9488,1,6,5,4,0,0.833333333,0.666666667,0
9489,1,6,1,0,0,0.166666667,0,0
9490,1,6,5,3,0,0.833333333,0.5,0
9491,1,6,4,2,0,0.666666667,0.333333333,0
9492,1,6,4,2,0,0.666666667,0.333333333,0
9493,1,6,6,4,0,1,0.666666667,0
9494,1,7,4,3,1,0.571428571,0.428571429,0.142857143
9495,1,7,6,2,0,0.857142857,0.285714286,0
9605,1,15,9,6,1,0.6,0.4,0.066666667
9606,1,15,9,1,0,0.6,0.066666667,0
9607,1,15,7,1,0,0.466666667,0.066666667,0
9608,1,15,6,1,0,0.4,0.066666667,0
9609,1,15,0,0,0,0,0,0
9610,1,15,0,0,0,0,0,0
9622,1,7,0,0,0,0,0,0
9623,1,7,0,0,0,0,0,0
9624,1,7,1,0,0,0.142857143,0,0
9625,1,7,2,1,0,0.285714286,0.142857143,0
9626,1,6,4,3,0,0.666666667,0.5,0
9627,1,6,5,2,0,0.833333333,0.333333333,0
9628,1,6,6,3,0,1,0.5,0
9629,1,6,1,1,0,0.166666667,0.166666667,0
9630,1,6,1,0,0,0.166666667,0,0
9631,1,6,2,1,0,0.333333333,0.166666667,0
9632,1,6,0,0,0,0,0,0
9633,1,6,3,2,0,0.5,0.333333333,0
9634,1,7,3,1,0,0.428571429,0.142857143,0
9635,1,7,6,3,0,0.857142857,0.428571429,0
9746,1,15,9,2,0,0.6,0.133333333,0
9747,1,15,10,4,1,0.666666667,0.266666667,0.066666667
9748,1,15,6,0,0,0.4,0,0
9749,1,15,0,0,0,0,0,0
9750,1,15,1,0,0,0.066666667,0,0
9751,1,12,0,0,0,0,0,0
9761,1,7,0,0,0,0,0,0
9762,1,7,0,0,0,0,0,0
9763,1,7,1,1,0,0.142857143,0.142857143,0
9764,1,7,0,0,0,0,0,0
9765,1,6,2,1,0,0.333333333,0.166666667,0
9766,1,6,1,0,0,0.166666667,0,0
9767,1,6,6,3,0,1,0.5,0
9768,1,6,6,4,1,1,0.666666667,0.166666667
9769,1,6,6,4,0,1,0.666666667,0
9770,1,6,5,5,0,0.833333333,0.833333333,0
9771,1,6,6,5,0,1,0.833333333,0
9772,1,6,2,0,0,0.333333333,0,0
9773,1,6,6,3,1,1,0.5,0.166666667
9774,1,7,0,0,0,0,0,0
9775,1,7,0,0,0,0,0,0
9888,1,15,11,2,0,0.733333333,0.133333333,0
9889,1,15,11,6,0,0.733333333,0.4,0
9890,1,15,8,2,0,0.533333333,0.133333333,0
9891,1,15,3,0,0,0.2,0,0
9892,1,15,1,0,0,0.066666667,0,0
9893,1,12,0,0,0,0,0,0
9903,1,7,0,0,0,0,0,0
9904,1,7,0,0,0,0,0,0
9905,1,7,0,0,0,0,0,0
9906,1,7,0,0,0,0,0,0
9907,1,6,0,0,0,0,0,0
9908,1,6,2,1,0,0.333333333,0.166666667,0
9909,1,6,1,0,0,0.166666667,0,0
9910,1,6,1,1,0,0.166666667,0.166666667,0
9911,1,6,5,2,0,0.833333333,0.333333333,0
9912,1,6,3,2,0,0.5,0.333333333,0
9913,1,6,5,4,0,0.833333333,0.666666667,0
9914,1,6,0,0,0,0,0,0
9915,1,6,0,0,0,0,0,0
9916,1,7,0,0,0,0,0,0
9917,1,7,0,0,0,0,0,0
10025,1,15,11,5,0,0.733333333,0.333333333,0
10026,1,15,10,3,0,0.666666667,0.2,0
10027,1,15,11,2,0,0.733333333,0.133333333,0
10028,1,15,1,0,0,0.066666667,0,0
10029,1,15,1,0,0,0.066666667,0,0
10030,1,12,0,0,0,0,0,0
10041,1,7,0,0,0,0,0,0
10042,1,7,1,0,0,0.142857143,0,0
10043,1,7,1,0,0,0.142857143,0,0
10044,1,6,1,0,0,0.166666667,0,0
10045,1,6,2,0,0,0.333333333,0,0
10046,1,6,1,1,0,0.166666667,0.166666667,0
10047,1,6,0,0,0,0,0,0
10048,1,6,1,0,0,0.166666667,0,0
10049,1,6,4,1,0,0.666666667,0.166666667,0
10050,1,6,4,3,0,0.666666667,0.5,0
10051,1,6,6,4,1,1,0.666666667,0.166666667
10052,1,7,2,1,0,0.285714286,0.142857143,0
10053,1,7,0,0,0,0,0,0
10161,1,15,9,8,5,0.6,0.533333333,0.333333333
10162,1,15,10,2,0,0.666666667,0.133333333,0
10163,1,15,10,4,1,0.666666667,0.266666667,0.066666667
10164,1,15,2,0,0,0.133333333,0,0
10165,1,15,1,0,0,0.066666667,0,0
10166,1,12,1,1,0,0.083333333,0.083333333,0
10167,1,12,0,0,0,0,0,0
10180,1,6,1,0,0,0.166666667,0,0
10181,1,6,0,0,0,0,0,0
10182,1,6,0,0,0,0,0,0
10183,1,6,0,0,0,0,0,0
10184,1,6,1,1,0,0.166666667,0.166666667,0
10185,1,6,5,4,0,0.833333333,0.666666667,0
10186,1,6,4,1,0,0.666666667,0.166666667,0
10187,1,6,6,4,0,1,0.666666667,0
10188,1,7,1,1,0,0.142857143,0.142857143,0
10189,1,7,1,0,0,0.142857143,0,0
10294,1,15,11,3,0,0.733333333,0.2,0
10295,1,15,9,3,1,0.6,0.2,0.066666667
10296,1,15,6,0,0,0.4,0,0
10297,1,15,1,0,0,0.066666667,0,0
10298,1,12,1,0,0,0.083333333,0,0
10299,1,12,0,0,0,0,0,0
10315,1,6,1,0,0,0.166666667,0,0
10316,1,6,1,1,0,0.166666667,0.166666667,0
10317,1,6,6,2,0,1,0.333333333,0
10318,1,6,6,4,0,1,0.666666667,0
10319,1,6,5,4,0,0.833333333,0.666666667,0
10321,1,7,1,1,0,0.142857143,0.142857143,0
10334,1,20,3,2,0,0.15,0.1,0
10335,1,10,1,0,0,0.1,0,0
10424,1,15,9,4,0,0.6,0.266666667,0
10425,1,15,10,2,0,0.666666667,0.133333333,0
10426,1,15,6,0,0,0.4,0,0
10427,1,15,2,0,0,0.133333333,0,0
10428,1,12,2,0,0,0.166666667,0,0
10429,1,12,1,0,0,0.083333333,0,0
10447,1,6,2,1,0,0.333333333,0.166666667,0
10448,1,4,1,0,0,0.25,0,0
10459,1,20,6,0,0,0.3,0,0
10460,1,20,3,0,0,0.15,0,0
10548,1,15,12,2,0,0.8,0.133333333,0
10549,1,15,7,0,0,0.466666667,0,0
10550,1,15,3,0,0,0.2,0,0
10551,1,12,0,0,0,0,0,0
10552,1,12,0,0,0,0,0,0
10553,1,12,1,1,0,0.083333333,0.083333333,0
10572,1,4,3,0,0,0.75,0,0
10579,1,20,8,2,1,0.4,0.1,0.05
10580,1,20,12,1,0,0.6,0.05,0
10581,1,20,11,2,0,0.55,0.1,0
10582,1,20,8,3,1,0.4,0.15,0.05
10657,1,17,10,3,0,0.588235294,0.176470588,0
10658,1,17,7,4,0,0.411764706,0.235294118,0
10659,1,17,2,1,0,0.117647059,0.058823529,0
10660,1,17,2,0,0,0.117647059,0,0
10661,1,17,1,0,0,0.058823529,0,0
10662,1,17,0,0,0,0,0,0
10682,1,4,3,0,0,0.75,0,0
10683,1,5,2,0,0,0.4,0,0
10689,1,20,3,1,0,0.15,0.05,0
10690,1,20,5,1,0,0.25,0.05,0
10691,1,20,15,4,1,0.75,0.2,0.05
10692,1,20,3,0,0,0.15,0,0
10764,1,17,2,0,0,0.117647059,0,0
10765,1,17,1,0,0,0.058823529,0,0
10766,1,17,1,0,0,0.058823529,0,0
10767,1,17,1,1,0,0.058823529,0.058823529,0
10768,1,17,0,0,0,0,0,0
10769,1,17,0,0,0,0,0,0
10788,1,4,2,0,0,0.5,0,0
10790,1,5,1,0,0,0.2,0,0
10796,1,20,4,1,0,0.2,0.05,0
10797,1,20,5,0,0,0.25,0,0
10798,1,20,15,7,6,0.75,0.35,0.3
10799,1,20,6,1,0,0.3,0.05,0
10800,1,10,0,0,0,0,0,0
10865,1,17,2,0,0,0.117647059,0,0
10866,1,17,3,0,0,0.176470588,0,0
10867,1,17,2,0,0,0.117647059,0,0
10868,1,17,2,0,0,0.117647059,0,0
10869,1,17,0,0,0,0,0,0
10889,1,4,2,0,0,0.5,0,0
10890,1,5,2,0,0,0.4,0,0
10897,1,20,2,0,0,0.1,0,0
10898,1,20,6,0,0,0.3,0,0
10899,1,20,12,5,1,0.6,0.25,0.05
10900,1,20,10,2,0,0.5,0.1,0
10901,1,20,2,0,0,0.1,0,0
10909,1,20,2,0,0,0.1,0,0
10910,1,20,5,0,0,0.25,0,0
10911,1,20,1,0,0,0.05,0,0
10912,1,10,0,0,0,0,0,0
10958,1,17,8,6,1,0.470588235,0.352941176,0.058823529
10959,1,17,3,0,0,0.176470588,0,0
10960,1,17,0,0,0,0,0,0
10961,1,17,2,0,0,0.117647059,0,0
10962,1,17,1,0,0,0.058823529,0,0
10963,1,17,0,0,0,0,0,0
10982,1,4,0,0,0,0,0,0
10983,1,4,0,0,0,0,0,0
10984,1,5,2,0,0,0.4,0,0
10991,1,20,9,3,2,0.45,0.15,0.1
10992,1,20,8,1,0,0.4,0.05,0
10993,1,20,10,2,0,0.5,0.1,0
10994,1,20,4,0,0,0.2,0,0
10995,1,20,2,1,1,0.1,0.05,0.05
11002,1,10,1,0,0,0.1,0,0
11003,1,20,4,1,0,0.2,0.05,0
11004,1,20,6,0,0,0.3,0,0
11005,1,20,6,0,0,0.3,0,0
11006,1,20,3,0,0,0.15,0,0
11043,1,17,2,0,0,0.117647059,0,0
11044,1,17,0,0,0,0,0,0
11045,1,17,3,0,0,0.176470588,0,0
11046,1,17,1,0,0,0.058823529,0,0
11047,1,17,0,0,0,0,0,0
11048,1,17,1,0,0,0.058823529,0,0
11067,1,4,4,0,0,1,0,0
11068,1,5,2,1,0,0.4,0.2,0
11069,1,5,2,2,0,0.4,0.4,0
11078,1,20,12,4,0,0.6,0.2,0
11079,1,20,7,3,2,0.35,0.15,0.1
11080,1,20,4,1,0,0.2,0.05,0
11081,1,20,4,0,0,0.2,0,0
11091,1,20,0,0,0,0,0,0
11092,1,20,9,0,0,0.45,0,0
11093,1,20,5,1,0,0.25,0.05,0
11135,1,17,2,0,0,0.117647059,0,0
11136,1,17,2,0,0,0.117647059,0,0
11137,1,17,1,0,0,0.058823529,0,0
11138,1,17,2,0,0,0.117647059,0,0
11139,1,17,0,0,0,0,0,0
11140,1,17,0,0,0,0,0,0
11159,1,4,3,0,0,0.75,0,0
11160,1,5,3,1,0,0.6,0.2,0
11170,1,20,3,1,0,0.15,0.05,0
11171,1,20,4,0,0,0.2,0,0
11172,1,20,6,0,0,0.3,0,0
11173,1,20,7,0,0,0.35,0,0
11183,1,10,1,0,0,0.1,0,0
11184,1,20,1,0,0,0.05,0,0
11185,1,20,6,0,0,0.3,0,0
11186,1,20,2,0,0,0.1,0,0
11218,1,17,5,2,0,0.294117647,0.117647059,0
11219,1,17,3,1,0,0.176470588,0.058823529,0
11220,1,17,0,0,0,0,0,0
11221,1,17,1,0,0,0.058823529,0,0
11222,1,17,1,1,0,0.058823529,0.058823529,0
11241,1,4,3,0,0,0.75,0,0
11243,1,5,2,1,0,0.4,0.2,0
11257,1,20,10,0,0,0.5,0,0
11258,1,20,6,0,0,0.3,0,0
11259,1,20,5,0,0,0.25,0,0
11260,1,20,3,0,0,0.15,0,0
11261,1,10,2,0,0,0.2,0,0
11271,1,10,0,0,0,0,0,0
11272,1,20,4,1,0,0.2,0.05,0
11273,1,20,2,0,0,0.1,0,0
11274,1,10,1,0,0,0.1,0,0
11311,1,17,11,4,0,0.647058824,0.235294118,0
11312,1,17,0,0,0,0,0,0
11313,1,17,0,0,0,0,0,0
11314,1,17,1,0,0,0.058823529,0,0
11315,1,17,1,1,0,0.058823529,0.058823529,0
11334,1,4,2,0,0,0.5,0,0
11335,1,5,2,0,0,0.4,0,0
11348,1,20,9,1,1,0.45,0.05,0.05
11349,1,20,8,2,0,0.4,0.1,0
11350,1,20,2,0,0,0.1,0,0
11351,1,20,4,1,1,0.2,0.05,0.05
11352,1,20,6,0,0,0.3,0,0
11353,1,10,1,0,0,0.1,0,0
11363,1,10,2,0,0,0.2,0,0
11364,1,20,3,0,0,0.15,0,0
11365,1,20,3,0,0,0.15,0,0
11399,1,17,9,3,0,0.529411765,0.176470588,0
11400,1,17,11,6,1,0.647058824,0.352941176,0.058823529
11401,1,17,4,0,0,0.235294118,0,0
11402,1,17,1,0,0,0.058823529,0,0
11403,1,17,3,1,0,0.176470588,0.058823529,0
11404,1,17,0,0,0,0,0,0
11422,1,4,1,0,0,0.25,0,0
11423,1,4,4,0,0,1,0,0
11424,1,5,3,1,0,0.6,0.2,0
11437,1,20,5,1,1,0.25,0.05,0.05
11438,1,20,7,2,0,0.35,0.1,0
11439,1,20,4,0,0,0.2,0,0
11440,1,20,6,0,0,0.3,0,0
11441,1,20,3,0,0,0.15,0,0
11442,1,20,1,0,0,0.05,0,0
11443,1,20,1,0,0,0.05,0,0
11512,1,29,11,7,1,0.379310345,0.24137931,0.034482759
11513,1,29,13,5,3,0.448275862,0.172413793,0.103448276
11514,1,29,2,1,0,0.068965517,0.034482759,0
11515,1,29,2,0,0,0.068965517,0,0
11516,1,29,1,1,0,0.034482759,0.034482759,0
11517,1,29,0,0,0,0,0,0
11535,1,4,2,0,0,0.5,0,0
11536,1,5,1,0,0,0.2,0,0
11537,1,5,1,0,0,0.2,0,0
11550,1,20,11,2,0,0.55,0.1,0
11551,1,20,8,1,0,0.4,0.05,0
11552,1,20,4,2,0,0.2,0.1,0
11553,1,20,7,1,0,0.35,0.05,0
11554,1,20,6,0,0,0.3,0,0
11555,1,20,10,0,0,0.5,0,0
11556,1,20,5,2,1,0.25,0.1,0.05
11557,1,20,5,0,0,0.25,0,0
11558,1,10,1,0,0,0.1,0,0
11627,1,17,10,5,0,0.588235294,0.294117647,0
11628,1,17,2,0,0,0.117647059,0,0
11629,1,17,1,0,0,0.058823529,0,0
11630,1,17,0,0,0,0,0,0
11631,1,17,1,0,0,0.058823529,0,0
11632,1,17,1,1,1,0.058823529,0.058823529,0.058823529
11650,1,4,3,0,0,0.75,0,0
11651,1,5,1,1,0,0.2,0.2,0
11665,1,20,8,1,1,0.4,0.05,0.05
11666,1,20,7,0,0,0.35,0,0
11667,1,20,12,3,1,0.6,0.15,0.05
11668,1,20,12,0,0,0.6,0,0
11669,1,20,11,0,0,0.55,0,0
11670,1,20,14,1,0,0.7,0.05,0
11671,1,20,12,1,0,0.6,0.05,0
11672,1,20,10,0,0,0.5,0,0
11673,1,20,4,0,0,0.2,0,0
11737,1,17,1,1,1,0.058823529,0.058823529,0.058823529
11738,1,17,9,7,0,0.529411765,0.411764706,0
11739,1,17,1,0,0,0.058823529,0,0
11740,1,17,1,0,0,0.058823529,0,0
11741,1,17,1,0,0,0.058823529,0,0
11742,1,17,2,0,0,0.117647059,0,0
11760,1,4,4,4,0,1,1,0
11778,1,10,5,1,0,0.5,0.1,0
11779,1,20,8,3,0,0.4,0.15,0
11780,1,20,10,1,0,0.5,0.05,0
11781,1,20,7,1,1,0.35,0.05,0.05
11862,1,17,3,1,0,0.176470588,0.058823529,0
11863,1,17,2,1,0,0.117647059,0.058823529,0
11864,1,17,1,0,0,0.058823529,0,0
11865,1,17,2,1,1,0.117647059,0.058823529,0.058823529
11866,1,17,1,1,0,0.058823529,0.058823529,0
11867,1,17,1,1,0,0.058823529,0.058823529,0
11881,1,12,0,0,0,0,0,0
11882,1,12,0,0,0,0,0,0
11884,1,12,1,0,0,0.083333333,0,0
11885,1,13,6,2,0,0.461538462,0.153846154,0
11902,1,10,4,0,0,0.4,0,0
11978,1,17,0,0,0,0,0,0
11979,1,17,1,0,0,0.058823529,0,0
11980,1,17,0,0,0,0,0,0
11981,1,17,3,1,0,0.176470588,0.058823529,0
11982,1,17,0,0,0,0,0,0
11983,1,17,0,0,0,0,0,0
11998,1,12,0,0,0,0,0,0
11999,1,12,2,0,0,0.166666667,0,0
12001,1,12,6,3,1,0.5,0.25,0.083333333
12002,1,13,8,2,0,0.615384615,0.153846154,0
12117,1,17,1,0,0,0.058823529,0,0
12118,1,17,0,0,0,0,0,0
12119,1,17,0,0,0,0,0,0
12120,1,17,1,0,0,0.058823529,0,0
12121,1,17,0,0,0,0,0,0
12122,1,17,0,0,0,0,0,0
12137,1,12,1,0,0,0.083333333,0,0
12138,1,12,1,1,0,0.083333333,0.083333333,0
12140,1,12,8,4,2,0.666666667,0.333333333,0.166666667
12141,1,13,9,3,0,0.692307692,0.230769231,0
12249,1,17,2,2,1,0.117647059,0.117647059,0.058823529
12250,1,17,1,0,0,0.058823529,0,0
12251,1,17,0,0,0,0,0,0
12252,1,17,0,0,0,0,0,0
12253,1,17,0,0,0,0,0,0
12254,1,17,0,0,0,0,0,0
12270,1,12,0,0,0,0,0,0
12271,1,12,3,0,0,0.25,0,0
12273,1,12,4,1,0,0.333333333,0.083333333,0
12274,1,13,10,2,0,0.769230769,0.153846154,0
12275,1,13,12,7,2,0.923076923,0.538461538,0.153846154
12396,1,17,1,0,0,0.058823529,0,0
12397,1,17,3,0,0,0.176470588,0,0
12398,1,17,3,1,0,0.176470588,0.058823529,0
12399,1,17,1,1,0,0.058823529,0.058823529,0
12400,1,17,2,2,0,0.117647059,0.117647059,0
12401,1,17,1,0,0,0.058823529,0,0
12417,1,12,0,0,0,0,0,0
12418,1,12,3,0,0,0.25,0,0
12420,1,12,1,0,0,0.083333333,0,0
12421,1,13,5,0,0,0.384615385,0,0
12422,1,13,13,11,1,1,0.846153846,0.076923077
12536,1,17,4,1,0,0.235294118,0.058823529,0
12537,1,17,1,0,0,0.058823529,0,0
12538,1,17,0,0,0,0,0,0
12539,1,17,1,0,0,0.058823529,0,0
12540,1,17,0,0,0,0,0,0
12557,1,12,0,0,0,0,0,0
12558,1,12,3,0,0,0.25,0,0
12559,1,12,1,0,0,0.083333333,0,0
12560,1,12,2,1,0,0.166666667,0.083333333,0
12561,1,13,6,0,0,0.461538462,0,0
12562,1,13,12,3,0,0.923076923,0.230769231,0
12681,1,17,12,10,2,0.705882353,0.588235294,0.117647059
12682,1,17,5,0,0,0.294117647,0,0
12683,1,17,1,0,0,0.058823529,0,0
12684,1,17,0,0,0,0,0,0
12685,1,17,1,0,0,0.058823529,0,0
12686,1,17,0,0,0,0,0,0
12703,1,12,1,0,0,0.083333333,0,0
12704,1,12,2,0,0,0.166666667,0,0
12705,1,12,1,0,0,0.083333333,0,0
12707,1,13,5,0,0,0.384615385,0,0
12708,1,13,9,1,0,0.692307692,0.076923077,0
12730,1,20,6,0,0,0.3,0,0
12731,1,20,3,0,0,0.15,0,0
12822,1,21,9,5,0,0.428571429,0.238095238,0
12823,1,21,4,0,0,0.19047619,0,0
12824,1,21,0,0,0,0,0,0
12825,1,21,0,0,0,0,0,0
12826,1,21,0,0,0,0,0,0
12827,1,21,0,0,0,0,0,0
12844,1,12,1,0,0,0.083333333,0,0
12845,1,12,0,0,0,0,0,0
12846,1,12,0,0,0,0,0,0
12848,1,13,6,3,0,0.461538462,0.230769231,0
12849,1,13,6,2,0,0.461538462,0.153846154,0
12871,1,20,10,1,0,0.5,0.05,0
12872,1,20,5,0,0,0.25,0,0
12873,1,10,0,0,0,0,0,0
12963,1,16,0,0,0,0,0,0
12964,1,16,9,7,1,0.5625,0.4375,0.0625
12965,1,16,3,0,0,0.1875,0,0
12966,1,16,0,0,0,0,0,0
12967,1,16,1,0,0,0.0625,0,0
12968,1,16,0,0,0,0,0,0
12986,1,12,2,0,0,0.166666667,0,0
12987,1,12,1,1,0,0.083333333,0.083333333,0
12988,1,12,3,0,0,0.25,0,0
12990,1,13,9,3,1,0.692307692,0.230769231,0.076923077
13011,1,20,10,1,1,0.5,0.05,0.05
13012,1,20,3,0,0,0.15,0,0
13013,1,20,4,0,0,0.2,0,0
13104,1,16,7,2,1,0.4375,0.125,0.0625
13105,1,16,7,1,0,0.4375,0.0625,0
13106,1,16,1,0,0,0.0625,0,0
13107,1,16,0,0,0,0,0,0
13108,1,16,0,0,0,0,0,0
13109,1,16,0,0,0,0,0,0
13120,1,10,0,0,0,0,0,0
13127,1,15,1,0,0,0.066666667,0,0
13128,1,15,1,0,0,0.066666667,0,0
13129,1,14,2,1,0,0.142857143,0.071428571,0
13130,1,14,7,2,0,0.5,0.142857143,0
13152,1,20,7,1,0,0.35,0.05,0
13153,1,20,7,2,0,0.35,0.1,0
13154,1,20,2,0,0,0.1,0,0
13250,1,16,6,2,0,0.375,0.125,0
13251,1,16,9,5,1,0.5625,0.3125,0.0625
13252,1,16,2,0,0,0.125,0,0
13253,1,16,0,0,0,0,0,0
13254,1,16,0,0,0,0,0,0
13255,1,16,0,0,0,0,0,0
13265,1,10,0,0,0,0,0,0
13267,1,10,1,0,0,0.1,0,0
13268,1,10,1,0,0,0.1,0,0
13269,1,10,0,0,0,0,0,0
13270,1,10,1,0,0,0.1,0,0
13273,1,15,0,0,0,0,0,0
13275,1,14,1,0,0,0.071428571,0,0
13276,1,13,1,0,0,0.076923077,0,0
13277,1,14,3,0,0,0.214285714,0,0
13278,1,14,3,0,0,0.214285714,0,0
13295,1,10,2,1,0,0.2,0.1,0
13296,1,20,10,1,0,0.5,0.05,0
13297,1,20,5,0,0,0.25,0,0
13298,1,10,2,1,0,0.2,0.1,0
13395,1,16,9,6,0,0.5625,0.375,0
13396,1,16,3,0,0,0.1875,0,0
13397,1,16,1,1,0,0.0625,0.0625,0
13398,1,16,1,0,0,0.0625,0,0
13399,1,16,0,0,0,0,0,0
13400,1,16,0,0,0,0,0,0
13409,1,10,1,0,0,0.1,0,0
13410,1,10,0,0,0,0,0,0
13411,1,10,0,0,0,0,0,0
13412,1,10,0,0,0,0,0,0
13413,1,10,1,0,0,0.1,0,0
13414,1,10,0,0,0,0,0,0
13415,1,10,1,0,0,0.1,0,0
13416,1,10,0,0,0,0,0,0
13418,1,15,0,0,0,0,0,0
13419,1,15,0,0,0,0,0,0
13420,1,14,0,0,0,0,0,0
13421,1,13,2,1,0,0.153846154,0.076923077,0
13422,1,13,3,0,0,0.230769231,0,0
13423,1,14,9,2,0,0.642857143,0.142857143,0
13431,1,20,10,4,0,0.5,0.2,0
13432,1,20,4,0,0,0.2,0,0
13433,1,20,2,0,0,0.1,0,0
13434,1,10,1,0,0,0.1,0,0
13531,1,16,0,0,0,0,0,0
13532,1,16,11,7,1,0.6875,0.4375,0.0625
13533,1,16,2,0,0,0.125,0,0
13534,1,16,0,0,0,0,0,0
13535,1,16,0,0,0,0,0,0
13536,1,16,0,0,0,0,0,0
13545,1,10,0,0,0,0,0,0
13546,1,10,0,0,0,0,0,0
13547,1,10,1,0,0,0.1,0,0
13548,1,10,0,0,0,0,0,0
13549,1,10,0,0,0,0,0,0
13550,1,10,0,0,0,0,0,0
13551,1,10,0,0,0,0,0,0
13552,1,10,0,0,0,0,0,0
13556,1,15,0,0,0,0,0,0
13557,1,14,0,0,0,0,0,0
13558,1,14,1,0,0,0.071428571,0,0
13559,1,13,4,1,0,0.307692308,0.076923077,0
13560,1,14,11,1,0,0.785714286,0.071428571,0
13568,1,20,5,0,0,0.25,0,0
13569,1,20,12,1,0,0.6,0.05,0
13570,1,20,6,0,0,0.3,0,0
13571,1,20,3,0,0,0.15,0,0
13572,1,20,3,0,0,0.15,0,0
13670,1,16,6,3,1,0.375,0.1875,0.0625
13671,1,16,10,8,2,0.625,0.5,0.125
13672,1,16,2,0,0,0.125,0,0
13673,1,16,0,0,0,0,0,0
13674,1,16,0,0,0,0,0,0
13675,1,16,0,0,0,0,0,0
13682,1,10,0,0,0,0,0,0
13683,1,10,0,0,0,0,0,0
13684,1,10,0,0,0,0,0,0
13685,1,10,0,0,0,0,0,0
13686,1,10,0,0,0,0,0,0
13687,1,10,1,0,0,0.1,0,0
13688,1,10,0,0,0,0,0,0
13689,1,10,1,0,0,0.1,0,0
13690,1,10,0,0,0,0,0,0
13695,1,15,0,0,0,0,0,0
13697,1,14,3,2,0,0.214285714,0.142857143,0
13698,1,13,1,1,0,0.076923077,0.076923077,0
13699,1,14,8,2,1,0.571428571,0.142857143,0.071428571
13700,1,14,10,6,2,0.714285714,0.428571429,0.142857143
13706,1,20,4,0,0,0.2,0,0
13707,1,20,5,0,0,0.25,0,0
13708,1,20,5,0,0,0.25,0,0
13709,1,20,8,0,0,0.4,0,0
13710,1,20,3,0,0,0.15,0,0
13711,1,10,4,1,0,0.4,0.1,0
13800,1,16,2,1,1,0.125,0.0625,0.0625
13801,1,16,11,7,1,0.6875,0.4375,0.0625
13802,1,16,3,0,0,0.1875,0,0
13803,1,16,0,0,0,0,0,0
13804,1,16,1,0,0,0.0625,0,0
13805,1,16,0,0,0,0,0,0
13812,1,10,0,0,0,0,0,0
13813,1,10,0,0,0,0,0,0
13814,1,10,2,0,0,0.2,0,0
13815,1,10,1,0,0,0.1,0,0
13816,1,10,0,0,0,0,0,0
13817,1,10,1,0,0,0.1,0,0
13818,1,10,1,0,0,0.1,0,0
13819,1,10,1,0,0,0.1,0,0
13820,1,10,0,0,0,0,0,0
13826,1,15,0,0,0,0,0,0
13827,1,15,0,0,0,0,0,0
13828,1,14,1,0,0,0.071428571,0,0
13829,1,13,2,1,0,0.153846154,0.076923077,0
13830,1,13,2,0,0,0.153846154,0,0
13831,1,14,9,4,2,0.642857143,0.285714286,0.142857143
13839,1,20,9,3,0,0.45,0.15,0
13840,1,20,7,0,0,0.35,0,0
13841,1,20,6,0,0,0.3,0,0
13842,1,20,7,1,1,0.35,0.05,0.05
13843,1,20,9,1,1,0.45,0.05,0.05
13844,1,20,4,0,0,0.2,0,0
13935,1,16,10,9,2,0.625,0.5625,0.125
13936,1,16,5,0,0,0.3125,0,0
13937,1,16,1,0,0,0.0625,0,0
13938,1,16,0,0,0,0,0,0
13939,1,16,0,0,0,0,0,0
13940,1,16,0,0,0,0,0,0
13948,1,10,1,0,0,0.1,0,0
13949,1,10,3,0,0,0.3,0,0
13950,1,10,1,0,0,0.1,0,0
13951,1,10,3,0,0,0.3,0,0
13952,1,10,3,0,0,0.3,0,0
13953,1,10,2,0,0,0.2,0,0
13954,1,10,3,0,0,0.3,0,0
13955,1,10,0,0,0,0,0,0
13962,1,15,0,0,0,0,0,0
13963,1,14,1,1,0,0.071428571,0.071428571,0
13964,1,14,2,0,0,0.142857143,0,0
13965,1,13,3,0,0,0.230769231,0,0
13966,1,14,9,2,1,0.642857143,0.142857143,0.071428571
13974,1,20,7,2,1,0.35,0.1,0.05
13975,1,20,10,0,0,0.5,0,0
13976,1,20,4,1,0,0.2,0.05,0
13977,1,20,10,3,1,0.5,0.15,0.05
13978,1,20,7,0,0,0.35,0,0
14067,1,22,13,5,0,0.590909091,0.227272727,0
14068,1,22,1,1,1,0.045454545,0.045454545,0.045454545
14069,1,22,0,0,0,0,0,0
14070,1,22,0,0,0,0,0,0
14071,1,22,0,0,0,0,0,0
14081,1,10,1,0,0,0.1,0,0
14082,1,10,3,0,0,0.3,0,0
14083,1,10,2,0,0,0.2,0,0
14084,1,10,4,0,0,0.4,0,0
14085,1,10,2,0,0,0.2,0,0
14086,1,10,2,0,0,0.2,0,0
14094,1,15,0,0,0,0,0,0
14096,1,14,1,1,0,0.071428571,0.071428571,0
14097,1,13,2,1,0,0.153846154,0.076923077,0
14099,1,14,11,4,0,0.785714286,0.285714286,0
14106,1,20,3,1,0,0.15,0.05,0
14107,1,20,9,1,0,0.45,0.05,0
14108,1,20,13,4,1,0.65,0.2,0.05
14109,1,20,12,4,2,0.6,0.2,0.1
14110,1,20,4,2,2,0.2,0.1,0.1
14199,1,10,8,5,1,0.8,0.5,0.1
14200,1,10,0,0,0,0,0,0
14201,1,10,1,0,0,0.1,0,0
14202,1,10,0,0,0,0,0,0
14203,1,10,0,0,0,0,0,0
14204,1,10,0,0,0,0,0,0
14213,1,10,0,0,0,0,0,0
14214,1,10,1,0,0,0.1,0,0
14215,1,10,1,0,0,0.1,0,0
14216,1,10,1,0,0,0.1,0,0
14217,1,10,1,0,0,0.1,0,0
14227,1,15,0,0,0,0,0,0
14228,1,14,2,1,0,0.142857143,0.071428571,0
14230,1,13,4,0,0,0.307692308,0,0
14231,1,14,11,4,1,0.785714286,0.285714286,0.071428571
14238,1,10,2,0,0,0.2,0,0
14239,1,20,9,3,1,0.45,0.15,0.05
14240,1,20,11,0,0,0.55,0,0
14241,1,20,10,5,2,0.5,0.25,0.1
14308,1,10,8,5,0,0.8,0.5,0
14309,1,10,1,0,0,0.1,0,0
14310,1,10,1,0,0,0.1,0,0
14311,1,10,0,0,0,0,0,0
14312,1,10,1,0,0,0.1,0,0
14313,1,10,0,0,0,0,0,0
14323,1,10,0,0,0,0,0,0
14324,1,10,0,0,0,0,0,0
14336,1,15,0,0,0,0,0,0
14337,1,14,1,1,0,0.071428571,0.071428571,0
14338,1,14,2,1,0,0.142857143,0.071428571,0
14339,1,13,3,1,0,0.230769231,0.076923077,0
14340,1,14,9,1,1,0.642857143,0.071428571,0.071428571
14350,1,20,6,4,0,0.3,0.2,0
14351,1,20,10,3,0,0.5,0.15,0
14352,1,10,1,0,0,0.1,0,0
14419,1,10,9,8,2,0.9,0.8,0.2
14420,1,10,1,0,0,0.1,0,0
14421,1,10,0,0,0,0,0,0
14422,1,10,1,0,0,0.1,0,0
14423,1,10,0,0,0,0,0,0
14424,1,10,0,0,0,0,0,0
14447,1,15,0,0,0,0,0,0
14448,1,15,0,0,0,0,0,0
14449,1,14,1,0,0,0.071428571,0,0
14450,1,13,5,1,0,0.384615385,0.076923077,0
14452,1,14,9,1,0,0.642857143,0.071428571,0
14453,1,14,11,7,0,0.785714286,0.5,0
14461,1,20,9,0,0,0.45,0,0
14462,1,20,7,2,0,0.35,0.1,0
14497,1,10,9,6,0,0.9,0.6,0
14498,1,10,2,0,0,0.2,0,0
14499,1,10,1,0,0,0.1,0,0
14500,1,10,1,0,0,0.1,0,0
14501,1,10,0,0,0,0,0,0
14502,1,10,0,0,0,0,0,0
14526,1,15,0,0,0,0,0,0
14527,1,14,4,1,0,0.285714286,0.071428571,0
14529,1,13,3,0,0,0.230769231,0,0
14530,1,14,7,0,0,0.5,0,0
14531,1,14,11,4,1,0.785714286,0.285714286,0.071428571
14538,1,10,1,0,0,0.1,0,0
14539,1,20,6,1,0,0.3,0.05,0
14575,1,10,8,6,1,0.8,0.6,0.1
14576,1,10,3,0,0,0.3,0,0
14577,1,10,1,0,0,0.1,0,0
14578,1,10,0,0,0,0,0,0
14579,1,10,0,0,0,0,0,0
14580,1,10,0,0,0,0,0,0
14604,1,15,1,0,0,0.066666667,0,0
14606,1,14,4,1,0,0.285714286,0.071428571,0
14607,1,13,2,0,0,0.153846154,0,0
14608,1,14,3,0,0,0.214285714,0,0
14609,1,14,1,0,0,0.071428571,0,0
14610,1,14,11,7,3,0.785714286,0.5,0.214285714
14628,1,10,4,0,0,0.4,0,0
14629,1,10,0,0,0,0,0,0
14630,1,10,0,0,0,0,0,0
14631,1,10,0,0,0,0,0,0
14632,1,10,0,0,0,0,0,0
14656,1,15,0,0,0,0,0,0
14657,1,15,1,0,0,0.066666667,0,0
14658,1,14,1,0,0,0.071428571,0,0
14659,1,13,2,1,0,0.153846154,0.076923077,0
14661,1,14,7,0,0,0.5,0,0
14662,1,14,9,3,1,0.642857143,0.214285714,0.071428571
14682,1,10,5,1,0,0.5,0.1,0
14683,1,10,0,0,0,0,0,0
14684,1,10,1,0,0,0.1,0,0
14685,1,10,0,0,0,0,0,0
14686,1,10,0,0,0,0,0,0
14711,1,15,1,0,0,0.066666667,0,0
14712,1,14,4,0,0,0.285714286,0,0
14714,1,13,4,0,0,0.307692308,0,0
14715,1,14,3,0,0,0.214285714,0,0
14716,1,14,8,5,4,0.571428571,0.357142857,0.285714286
14732,1,10,8,1,0,0.8,0.1,0
14733,1,10,3,1,0,0.3,0.1,0
14734,1,10,2,0,0,0.2,0,0
14735,1,10,0,0,0,0,0,0
14736,1,10,0,0,0,0,0,0
14761,1,15,0,0,0,0,0,0
14763,1,14,2,0,0,0.142857143,0,0
14764,1,13,4,1,0,0.307692308,0.076923077,0
14765,1,14,3,1,0,0.214285714,0.071428571,0
14766,1,14,2,1,0,0.142857143,0.071428571,0
14767,1,14,9,3,1,0.642857143,0.214285714,0.071428571
14777,1,10,8,5,1,0.8,0.5,0.1
14778,1,10,4,1,0,0.4,0.1,0
14779,1,10,3,1,0,0.3,0.1,0
14780,1,10,0,0,0,0,0,0
14781,1,10,0,0,0,0,0,0
14782,1,6,0,0,0,0,0,0
14806,1,15,0,0,0,0,0,0
14807,1,15,1,0,0,0.066666667,0,0
14808,1,14,4,0,0,0.285714286,0,0
14809,1,13,4,1,0,0.307692308,0.076923077,0
14810,1,13,2,1,0,0.153846154,0.076923077,0
14811,1,14,4,1,0,0.285714286,0.071428571,0
14812,1,14,13,7,0,0.928571429,0.5,0
14846,1,6,4,1,0,0.666666667,0.166666667,0
14847,1,6,6,1,0,1,0.166666667,0
14848,1,6,2,0,0,0.333333333,0,0
14849,1,6,1,1,0,0.166666667,0.166666667,0
14850,1,6,0,0,0,0,0,0
14851,1,6,0,0,0,0,0,0
14876,1,15,0,0,0,0,0,0
14877,1,14,3,1,0,0.214285714,0.071428571,0
14879,1,13,4,1,0,0.307692308,0.076923077,0
14880,1,14,6,1,0,0.428571429,0.071428571,0
14881,1,14,9,3,0,0.642857143,0.214285714,0
14882,1,14,8,3,1,0.571428571,0.214285714,0.071428571
14905,1,4,4,1,1,1,0.25,0.25
14910,1,6,4,1,0,0.666666667,0.166666667,0
14911,1,6,6,4,0,1,0.666666667,0
14912,1,6,2,0,0,0.333333333,0,0
14913,1,6,1,1,0,0.166666667,0.166666667,0
14914,1,6,0,0,0,0,0,0
14915,1,6,0,0,0,0,0,0
14940,1,15,1,0,0,0.066666667,0,0
14942,1,14,5,1,0,0.357142857,0.071428571,0
14943,1,13,7,1,0,0.538461538,0.076923077,0
14944,1,14,7,2,1,0.5,0.142857143,0.071428571
14945,1,14,7,2,0,0.5,0.142857143,0
14946,1,14,2,1,0,0.142857143,0.071428571,0
14979,1,4,1,0,0,0.25,0,0
14980,1,4,3,1,0,0.75,0.25,0
14981,1,4,3,1,0,0.75,0.25,0
14983,1,6,0,0,0,0,0,0
14984,1,6,6,1,0,1,0.166666667,0
14985,1,6,3,0,0,0.5,0,0
14986,1,6,0,0,0,0,0,0
14987,1,6,1,0,0,0.166666667,0,0
14988,1,6,0,0,0,0,0,0
15014,1,15,0,0,0,0,0,0
15015,1,15,4,0,0,0.266666667,0,0
15016,1,15,7,1,0,0.466666667,0.066666667,0
15017,1,14,4,0,0,0.285714286,0,0
15018,1,14,11,4,0,0.785714286,0.285714286,0
15019,1,14,1,1,0,0.071428571,0.071428571,0
15050,1,4,2,0,0,0.5,0,0
15051,1,4,1,0,0,0.25,0,0
15052,1,4,2,0,0,0.5,0,0
15053,1,4,2,0,0,0.5,0,0
15054,1,4,3,0,0,0.75,0,0
15056,1,6,0,0,0,0,0,0
15057,1,6,6,3,2,1,0.5,0.333333333
15058,1,6,3,0,0,0.5,0,0
15059,1,6,4,1,1,0.666666667,0.166666667,0.166666667
15060,1,6,1,0,0,0.166666667,0,0
15061,1,6,0,0,0,0,0,0
15087,1,15,0,0,0,0,0,0
15088,1,15,5,0,0,0.333333333,0,0
15089,1,14,3,0,0,0.214285714,0,0
15090,1,14,6,0,0,0.428571429,0,0
15091,1,14,13,2,0,0.928571429,0.142857143,0
15134,1,4,1,0,0,0.25,0,0
15135,1,4,2,0,0,0.5,0,0
15136,1,4,1,0,0,0.25,0,0
15137,1,4,2,0,0,0.5,0,0
15138,1,4,1,0,0,0.25,0,0
15139,1,4,2,0,0,0.5,0,0
15140,1,4,2,0,0,0.5,0,0
15143,1,6,0,0,0,0,0,0
15144,1,6,6,5,1,1,0.833333333,0.166666667
15145,1,6,5,1,0,0.833333333,0.166666667,0
15146,1,6,1,0,0,0.166666667,0,0
15147,1,6,0,0,0,0,0,0
15148,1,6,0,0,0,0,0,0
15174,1,15,0,0,0,0,0,0
15175,1,15,4,0,0,0.266666667,0,0
15176,1,14,4,1,0,0.285714286,0.071428571,0
15177,1,14,9,0,0,0.642857143,0,0
15178,1,14,4,2,1,0.285714286,0.142857143,0.071428571
15179,1,14,4,2,1,0.285714286,0.142857143,0.071428571
15219,1,4,1,0,0,0.25,0,0
15220,1,4,3,0,0,0.75,0,0
15221,1,4,1,0,0,0.25,0,0
15222,1,4,3,0,0,0.75,0,0
15223,1,4,1,0,0,0.25,0,0
15224,1,4,2,0,0,0.5,0,0
15225,1,4,1,0,0,0.25,0,0
15230,1,6,2,0,0,0.333333333,0,0
15231,1,6,4,1,0,0.666666667,0.166666667,0
15232,1,6,2,0,0,0.333333333,0,0
15233,1,6,1,0,0,0.166666667,0,0
15234,1,6,0,0,0,0,0,0
15235,1,6,1,0,0,0.166666667,0,0
15261,1,15,1,0,0,0.066666667,0,0
15262,1,14,4,2,0,0.285714286,0.142857143,0
15263,1,14,4,0,0,0.285714286,0,0
15264,1,14,9,2,0,0.642857143,0.142857143,0
15265,1,14,11,8,2,0.785714286,0.571428571,0.142857143
15269,1,27,8,0,0,0.296296296,0,0
15270,1,27,21,2,1,0.777777778,0.074074074,0.037037037
15271,1,27,16,2,1,0.592592593,0.074074074,0.037037037
15272,1,27,15,0,0,0.555555556,0,0
15320,1,4,1,0,0,0.25,0,0
15321,1,4,2,0,0,0.5,0,0
15322,1,4,2,0,0,0.5,0,0
15323,1,4,2,0,0,0.5,0,0
15324,1,4,2,0,0,0.5,0,0
15325,1,4,3,0,0,0.75,0,0
15326,1,4,3,0,0,0.75,0,0
15327,1,4,2,0,0,0.5,0,0
15335,1,6,4,1,0,0.666666667,0.166666667,0
15336,1,6,2,0,0,0.333333333,0,0
15337,1,6,1,0,0,0.166666667,0,0
15338,1,6,0,0,0,0,0,0
15339,1,6,0,0,0,0,0,0
15365,1,15,2,0,0,0.133333333,0,0
15366,1,14,6,0,0,0.428571429,0,0
15367,1,14,3,1,0,0.214285714,0.071428571,0
15368,1,14,5,1,0,0.357142857,0.071428571,0
15369,1,14,14,8,1,1,0.571428571,0.071428571
15372,1,27,8,1,0,0.296296296,0.037037037,0
15373,1,27,18,2,0,0.666666667,0.074074074,0
15374,1,27,16,1,0,0.592592593,0.037037037,0
15375,1,27,14,2,0,0.518518519,0.074074074,0
15376,1,27,12,2,0,0.444444444,0.074074074,0
15421,1,4,2,0,0,0.5,0,0
15422,1,4,1,0,0,0.25,0,0
15423,1,4,2,0,0,0.5,0,0
15424,1,4,3,0,0,0.75,0,0
15425,1,4,2,0,0,0.5,0,0
15426,1,4,1,0,0,0.25,0,0
15427,1,4,2,0,0,0.5,0,0
15428,1,4,3,0,0,0.75,0,0
15429,1,4,2,0,0,0.5,0,0
15430,1,4,3,0,0,0.75,0,0
15435,1,6,1,0,0,0.166666667,0,0
15436,1,6,1,0,0,0.166666667,0,0
15437,1,6,0,0,0,0,0,0
15438,1,6,0,0,0,0,0,0
15439,1,6,0,0,0,0,0,0
15464,1,15,3,0,0,0.2,0,0
15465,1,14,3,1,0,0.214285714,0.071428571,0
15466,1,14,1,0,0,0.071428571,0,0
15467,1,14,6,1,0,0.428571429,0.071428571,0
15468,1,14,10,3,0,0.714285714,0.214285714,0
15474,1,27,12,3,0,0.444444444,0.111111111,0
15475,1,27,16,1,0,0.592592593,0.037037037,0
15476,1,27,9,0,0,0.333333333,0,0
15477,1,27,15,2,0,0.555555556,0.074074074,0
15478,1,27,12,0,0,0.444444444,0,0
15527,1,4,1,0,0,0.25,0,0
15528,1,4,1,0,0,0.25,0,0
15529,1,4,3,0,0,0.75,0,0
15530,1,4,1,0,0,0.25,0,0
15531,1,4,2,0,0,0.5,0,0
15532,1,4,1,0,0,0.25,0,0
15533,1,4,2,0,0,0.5,0,0
15534,1,4,2,0,0,0.5,0,0
15535,1,4,2,0,0,0.5,0,0
15536,1,4,3,0,0,0.75,0,0
15537,1,4,3,1,0,0.75,0.25,0
15538,1,4,2,1,1,0.5,0.25,0.25
15543,1,6,3,0,0,0.5,0,0
15544,1,6,1,0,0,0.166666667,0,0
15545,1,6,1,0,0,0.166666667,0,0
15546,1,6,0,0,0,0,0,0
15547,1,6,0,0,0,0,0,0
15572,1,15,4,0,0,0.266666667,0,0
15573,1,14,4,0,0,0.285714286,0,0
15574,1,14,3,1,0,0.214285714,0.071428571,0
15575,1,14,3,0,0,0.214285714,0,0
15576,1,14,7,2,1,0.5,0.142857143,0.071428571
15581,1,27,14,2,1,0.518518519,0.074074074,0.037037037
15582,1,27,12,3,0,0.444444444,0.111111111,0
15583,1,27,11,0,0,0.407407407,0,0
15584,1,27,7,0,0,0.259259259,0,0
15585,1,27,7,0,0,0.259259259,0,0
15586,1,27,2,0,0,0.074074074,0,0
15587,1,17,3,0,0,0.176470588,0,0
15633,1,4,0,0,0,0,0,0
15634,1,4,2,0,0,0.5,0,0
15635,1,4,2,0,0,0.5,0,0
15636,1,4,2,0,0,0.5,0,0
15637,1,4,2,0,0,0.5,0,0
15638,1,4,2,0,0,0.5,0,0
15639,1,4,2,0,0,0.5,0,0
15640,1,4,2,0,0,0.5,0,0
15641,1,4,2,0,0,0.5,0,0
15642,1,4,3,0,0,0.75,0,0
15643,1,4,3,0,0,0.75,0,0
15649,1,18,9,1,0,0.5,0.055555556,0
15650,1,18,6,2,0,0.333333333,0.111111111,0
15651,1,18,4,0,0,0.222222222,0,0
15652,1,19,4,0,0,0.210526316,0,0
15653,1,19,2,0,0,0.105263158,0,0
15654,1,13,0,0,0,0,0,0
15656,1,13,0,0,0,0,0,0
15677,1,15,3,1,0,0.2,0.066666667,0
15678,1,14,3,1,0,0.214285714,0.071428571,0
15679,1,14,1,0,0,0.071428571,0,0
15680,1,14,3,0,0,0.214285714,0,0
15681,1,14,9,3,1,0.642857143,0.214285714,0.071428571
15683,1,14,10,4,0,0.714285714,0.285714286,0
15687,1,27,15,1,1,0.555555556,0.037037037,0.037037037
15688,1,27,8,0,0,0.296296296,0,0
15689,1,27,11,2,0,0.407407407,0.074074074,0
15690,1,27,7,0,0,0.259259259,0,0
15691,1,27,8,0,0,0.296296296,0,0
15692,1,27,7,0,0,0.259259259,0,0
15693,1,27,8,1,0,0.296296296,0.037037037,0
15694,1,27,9,0,0,0.333333333,0,0
15695,1,27,14,1,0,0.518518519,0.037037037,0
15696,1,27,14,2,1,0.518518519,0.074074074,0.037037037
15697,1,27,10,2,0,0.37037037,0.074074074,0
15746,1,4,3,1,0,0.75,0.25,0
15747,1,4,2,0,0,0.5,0,0
15748,1,4,2,0,0,0.5,0,0
15749,1,4,2,0,0,0.5,0,0
15750,1,4,1,0,0,0.25,0,0
15751,1,4,2,0,0,0.5,0,0
15752,1,4,2,0,0,0.5,0,0
15753,1,4,2,0,0,0.5,0,0
15754,1,4,2,0,0,0.5,0,0
15763,1,12,9,2,0,0.75,0.166666667,0
15765,1,12,3,0,0,0.25,0,0
15766,1,13,6,0,0,0.461538462,0,0
15767,1,13,5,0,0,0.384615385,0,0
15768,1,13,2,0,0,0.153846154,0,0
15770,1,13,1,0,0,0.076923077,0,0
15771,1,13,1,0,0,0.076923077,0,0
15791,1,15,3,0,0,0.2,0,0
15792,1,14,2,0,0,0.142857143,0,0
15793,1,14,4,0,0,0.285714286,0,0
15794,1,14,4,1,0,0.285714286,0.071428571,0
15795,1,14,10,1,0,0.714285714,0.071428571,0
15796,1,14,8,3,0,0.571428571,0.214285714,0
15803,1,27,11,2,1,0.407407407,0.074074074,0.037037037
15804,1,27,11,2,1,0.407407407,0.074074074,0.037037037
15805,1,27,6,0,0,0.222222222,0,0
15806,1,27,11,1,0,0.407407407,0.037037037,0
15807,1,27,9,1,0,0.333333333,0.037037037,0
15808,1,27,15,1,0,0.555555556,0.037037037,0
15809,1,27,11,1,0,0.407407407,0.037037037,0
15810,1,27,11,1,0,0.407407407,0.037037037,0
15811,1,27,18,3,0,0.666666667,0.111111111,0
15812,1,27,20,3,1,0.740740741,0.111111111,0.037037037
15813,1,27,14,8,4,0.518518519,0.296296296,0.148148148
15864,1,4,1,1,0,0.25,0.25,0
15865,1,4,2,0,0,0.5,0,0
15866,1,4,2,0,0,0.5,0,0
15867,1,4,2,0,0,0.5,0,0
15868,1,4,2,0,0,0.5,0,0
15869,1,4,3,0,0,0.75,0,0
15870,1,4,2,0,0,0.5,0,0
15871,1,4,2,0,0,0.5,0,0
15877,1,12,6,1,0,0.5,0.083333333,0
15879,1,12,3,0,0,0.25,0,0
15880,1,13,5,0,0,0.384615385,0,0
15881,1,13,5,0,0,0.384615385,0,0
15882,1,13,1,0,0,0.076923077,0,0
15884,1,13,1,0,0,0.076923077,0,0
15885,1,13,1,1,0,0.076923077,0.076923077,0
15904,1,15,3,0,0,0.2,0,0
15906,1,14,4,0,0,0.285714286,0,0
15907,1,14,5,1,1,0.357142857,0.071428571,0.071428571
15908,1,14,6,0,0,0.428571429,0,0
15909,1,14,7,4,0,0.5,0.285714286,0
15910,1,14,11,5,0,0.785714286,0.357142857,0
15914,1,27,6,0,0,0.222222222,0,0
15915,1,27,9,0,0,0.333333333,0,0
15916,1,27,9,1,0,0.333333333,0.037037037,0
15917,1,27,14,1,1,0.518518519,0.037037037,0.037037037
15918,1,27,10,2,0,0.37037037,0.074074074,0
15919,1,27,15,4,1,0.555555556,0.148148148,0.037037037
15920,1,27,11,4,2,0.407407407,0.148148148,0.074074074
15921,1,27,16,4,0,0.592592593,0.148148148,0
15922,1,27,13,4,1,0.481481481,0.148148148,0.037037037
15923,1,27,12,2,0,0.444444444,0.074074074,0
15924,1,27,16,1,1,0.592592593,0.037037037,0.037037037
15925,1,27,15,1,0,0.555555556,0.037037037,0
15976,1,4,1,0,0,0.25,0,0
15977,1,4,2,0,0,0.5,0,0
15978,1,4,2,0,0,0.5,0,0
15979,1,4,1,0,0,0.25,0,0
15980,1,4,2,0,0,0.5,0,0
15981,1,4,4,0,0,1,0,0
15982,1,4,2,0,0,0.5,0,0
15985,1,12,9,2,0,0.75,0.166666667,0
15986,1,12,10,0,0,0.833333333,0,0
15988,1,12,7,0,0,0.583333333,0,0
15989,1,13,4,0,0,0.307692308,0,0
15990,1,13,3,0,0,0.230769231,0,0
15991,1,13,2,0,0,0.153846154,0,0
15993,1,13,2,0,0,0.153846154,0,0
15994,1,13,2,0,0,0.153846154,0,0
16013,1,15,6,2,0,0.4,0.133333333,0
16014,1,14,5,1,0,0.357142857,0.071428571,0
16015,1,14,3,0,0,0.214285714,0,0
16016,1,14,5,0,0,0.357142857,0,0
16017,1,14,7,1,0,0.5,0.071428571,0
16018,1,14,7,2,0,0.5,0.142857143,0
16026,1,27,4,0,0,0.148148148,0,0
16027,1,27,14,0,0,0.518518519,0,0
16028,1,27,10,1,0,0.37037037,0.037037037,0
16029,1,27,9,1,0,0.333333333,0.037037037,0
16030,1,27,10,1,0,0.37037037,0.037037037,0
16031,1,27,12,0,0,0.444444444,0,0
16032,1,27,9,1,0,0.333333333,0.037037037,0
16033,1,27,5,0,0,0.185185185,0,0
16034,1,27,6,2,2,0.222222222,0.074074074,0.074074074
16035,1,27,7,0,0,0.259259259,0,0
16036,1,27,8,1,0,0.296296296,0.037037037,0
16037,1,27,12,0,0,0.444444444,0,0
16092,1,4,1,0,0,0.25,0,0
16093,1,4,2,0,0,0.5,0,0
16094,1,4,2,0,0,0.5,0,0
16095,1,4,3,1,1,0.75,0.25,0.25
16096,1,4,3,3,1,0.75,0.75,0.25
16101,1,12,10,2,0,0.833333333,0.166666667,0
16102,1,12,9,3,0,0.75,0.25,0
16104,1,12,5,0,0,0.416666667,0,0
16105,1,13,9,0,0,0.692307692,0,0
16106,1,13,2,0,0,0.153846154,0,0
16107,1,13,3,0,0,0.230769231,0,0
16109,1,13,1,0,0,0.076923077,0,0
16110,1,13,0,0,0,0,0,0
16128,1,15,5,1,0,0.333333333,0.066666667,0
16130,1,14,3,0,0,0.214285714,0,0
16131,1,14,6,0,0,0.428571429,0,0
16132,1,14,6,1,0,0.428571429,0.071428571,0
16133,1,14,7,4,1,0.5,0.285714286,0.071428571
16134,1,14,7,2,0,0.5,0.142857143,0
16142,1,17,4,1,0,0.235294118,0.058823529,0
16143,1,17,2,0,0,0.117647059,0,0
16144,1,17,2,0,0,0.117647059,0,0
16145,1,17,0,0,0,0,0,0
16146,1,17,2,0,0,0.117647059,0,0
16147,1,17,3,0,0,0.176470588,0,0
16149,1,10,5,0,0,0.5,0,0
16150,1,10,6,1,0,0.6,0.1,0
16204,1,4,2,0,0,0.5,0,0
16205,1,4,3,0,0,0.75,0,0
16206,1,4,3,1,1,0.75,0.25,0.25
16209,1,12,12,3,1,1,0.25,0.083333333
16210,1,12,10,1,0,0.833333333,0.083333333,0
16212,1,12,5,1,0,0.416666667,0.083333333,0
16213,1,13,9,0,0,0.692307692,0,0
16214,1,13,3,0,0,0.230769231,0,0
16215,1,13,2,0,0,0.153846154,0,0
16217,1,13,2,0,0,0.153846154,0,0
16218,1,13,5,0,0,0.384615385,0,0
16219,1,13,2,0,0,0.153846154,0,0
16236,1,15,5,2,0,0.333333333,0.133333333,0
16237,1,14,7,1,0,0.5,0.071428571,0
16238,1,14,2,0,0,0.142857143,0,0
16239,1,14,9,1,0,0.642857143,0.071428571,0
16240,1,14,10,3,0,0.714285714,0.214285714,0
16241,1,14,11,4,0,0.785714286,0.285714286,0
16324,1,12,11,3,0,0.916666667,0.25,0
16326,1,12,9,2,1,0.75,0.166666667,0.083333333
16327,1,13,9,0,0,0.692307692,0,0
16328,1,13,8,1,0,0.615384615,0.076923077,0
16329,1,13,7,0,0,0.538461538,0,0
16331,1,13,5,0,0,0.384615385,0,0
16332,1,13,2,0,0,0.153846154,0,0
16333,1,13,1,0,0,0.076923077,0,0
16349,1,15,5,0,0,0.333333333,0,0
16351,1,14,4,0,0,0.285714286,0,0
16352,1,14,7,1,0,0.5,0.071428571,0
16353,1,14,3,0,0,0.214285714,0,0
16354,1,14,8,3,0,0.571428571,0.214285714,0
16420,1,12,10,3,0,0.833333333,0.25,0
16422,1,12,11,3,0,0.916666667,0.25,0
16423,1,13,8,1,0,0.615384615,0.076923077,0
16424,1,13,7,0,0,0.538461538,0,0
16425,1,13,8,1,0,0.615384615,0.076923077,0
16427,1,13,4,0,0,0.307692308,0,0
16428,1,13,2,0,0,0.153846154,0,0
16429,1,13,3,0,0,0.230769231,0,0
16445,1,15,5,0,0,0.333333333,0,0
16446,1,14,4,0,0,0.285714286,0,0
16447,1,14,1,0,0,0.071428571,0,0
16448,1,14,8,1,0,0.571428571,0.071428571,0
16449,1,14,6,0,0,0.428571429,0,0
16522,1,12,11,1,0,0.916666667,0.083333333,0
16523,1,13,10,1,0,0.769230769,0.076923077,0
16524,1,13,10,2,0,0.769230769,0.153846154,0
16525,1,13,8,1,0,0.615384615,0.076923077,0
16527,1,13,6,2,0,0.461538462,0.153846154,0
16528,1,13,5,1,0,0.384615385,0.076923077,0
16529,1,13,2,1,0,0.153846154,0.076923077,0
16544,1,15,3,0,0,0.2,0,0
16545,1,15,2,0,0,0.133333333,0,0
16546,1,14,6,1,0,0.428571429,0.071428571,0
16547,1,14,10,1,1,0.714285714,0.071428571,0.071428571
16548,1,14,12,9,1,0.857142857,0.642857143,0.071428571
16549,1,14,11,4,0,0.785714286,0.285714286,0
16616,1,13,10,2,0,0.769230769,0.153846154,0
16617,1,13,10,1,0,0.769230769,0.076923077,0
16618,1,13,7,1,0,0.538461538,0.076923077,0
16620,1,13,9,1,0,0.692307692,0.076923077,0
16621,1,13,5,0,0,0.384615385,0,0
16622,1,13,3,0,0,0.230769231,0,0
16637,1,15,4,0,0,0.266666667,0,0
16638,1,14,9,1,0,0.642857143,0.071428571,0
16639,1,14,2,0,0,0.142857143,0,0
16640,1,14,7,0,0,0.5,0,0
16641,1,14,11,2,0,0.785714286,0.142857143,0
16645,1,17,7,2,1,0.411764706,0.117647059,0.058823529
16646,1,17,5,1,0,0.294117647,0.058823529,0
16719,1,13,10,1,0,0.769230769,0.076923077,0
16720,1,13,9,2,0,0.692307692,0.153846154,0
16721,1,13,9,1,0,0.692307692,0.076923077,0
16723,1,13,8,0,0,0.615384615,0,0
16724,1,13,6,0,0,0.461538462,0,0
16725,1,13,6,1,0,0.461538462,0.076923077,0
16739,1,15,3,0,0,0.2,0,0
16740,1,15,3,0,0,0.2,0,0
16741,1,14,7,2,0,0.5,0.142857143,0
16742,1,14,10,0,0,0.714285714,0,0
16746,1,27,16,1,0,0.592592593,0.037037037,0
16747,1,27,9,1,0,0.333333333,0.037037037,0
16748,1,27,8,0,0,0.296296296,0,0
16749,1,27,6,0,0,0.222222222,0,0
16816,1,15,11,2,0,0.733333333,0.133333333,0
16817,1,15,10,2,0,0.666666667,0.133333333,0
16818,1,15,11,3,0,0.733333333,0.2,0
16819,1,15,11,2,0,0.733333333,0.133333333,0
16820,1,15,7,0,0,0.466666667,0,0
16821,1,15,7,0,0,0.466666667,0,0
16822,1,15,7,0,0,0.466666667,0,0
16823,1,15,6,0,0,0.4,0,0
16824,1,15,5,1,0,0.333333333,0.066666667,0
16825,1,15,4,0,0,0.266666667,0,0
16826,1,15,4,0,0,0.266666667,0,0
16827,1,15,6,0,0,0.4,0,0
16828,1,15,1,0,0,0.066666667,0,0
16829,1,15,2,0,0,0.133333333,0,0
16830,1,15,2,0,0,0.133333333,0,0
16831,1,15,2,0,0,0.133333333,0,0
16832,1,15,3,0,0,0.2,0,0
16833,1,15,3,0,0,0.2,0,0
16834,1,15,5,0,0,0.333333333,0,0
16835,1,15,4,0,0,0.266666667,0,0
16836,1,16,6,0,0,0.375,0,0
16837,1,16,8,0,0,0.5,0,0
16838,1,16,12,0,0,0.75,0,0
16839,1,16,11,3,2,0.6875,0.1875,0.125
16840,1,15,4,2,0,0.266666667,0.133333333,0
16844,1,27,14,0,0,0.518518519,0,0
16845,1,27,16,0,0,0.592592593,0,0
16846,1,27,9,0,0,0.333333333,0,0
16847,1,27,11,2,0,0.407407407,0.074074074,0
16848,1,27,5,0,0,0.185185185,0,0
16849,1,17,1,0,0,0.058823529,0,0
16914,1,15,8,3,1,0.533333333,0.2,0.066666667
16915,1,15,10,0,0,0.666666667,0,0
16916,1,15,11,3,0,0.733333333,0.2,0
16917,1,15,9,3,1,0.6,0.2,0.066666667
16918,1,15,5,0,0,0.333333333,0,0
16919,1,15,6,0,0,0.4,0,0
16920,1,15,5,1,0,0.333333333,0.066666667,0
16921,1,15,6,1,0,0.4,0.066666667,0
16922,1,15,7,0,0,0.466666667,0,0
16923,1,15,5,0,0,0.333333333,0,0
16924,1,15,4,0,0,0.266666667,0,0
16925,1,15,2,0,0,0.133333333,0,0
16926,1,15,3,0,0,0.2,0,0
16927,1,15,3,0,0,0.2,0,0
16928,1,15,5,0,0,0.333333333,0,0
16929,1,15,6,0,0,0.4,0,0
16930,1,15,4,0,0,0.266666667,0,0
16931,1,15,4,0,0,0.266666667,0,0
16932,1,15,4,0,0,0.266666667,0,0
16933,1,15,4,1,0,0.266666667,0.066666667,0
16934,1,15,7,2,0,0.466666667,0.133333333,0
16935,1,15,5,2,1,0.333333333,0.133333333,0.066666667
16936,1,15,7,2,1,0.466666667,0.133333333,0.066666667
16937,1,15,11,3,1,0.733333333,0.2,0.066666667
16940,1,27,7,1,0,0.259259259,0.037037037,0
16941,1,27,14,2,1,0.518518519,0.074074074,0.037037037
16942,1,27,6,0,0,0.222222222,0,0
16943,1,27,7,0,0,0.259259259,0,0
16944,1,27,4,0,0,0.148148148,0,0
16945,1,27,3,0,0,0.111111111,0,0
17008,1,14,13,7,1,0.928571429,0.5,0.071428571
17009,1,14,9,1,0,0.642857143,0.071428571,0
17010,1,14,9,2,0,0.642857143,0.142857143,0
17011,1,14,10,2,0,0.714285714,0.142857143,0
17012,1,14,8,1,0,0.571428571,0.071428571,0
17013,1,14,8,1,0,0.571428571,0.071428571,0
17014,1,14,7,0,0,0.5,0,0
17015,1,14,6,1,0,0.428571429,0.071428571,0
17016,1,14,9,1,0,0.642857143,0.071428571,0
17017,1,14,6,0,0,0.428571429,0,0
17018,1,14,5,1,0,0.357142857,0.071428571,0
17019,1,14,5,0,0,0.357142857,0,0
17020,1,14,4,0,0,0.285714286,0,0
17021,1,14,4,0,0,0.285714286,0,0
17022,1,14,5,0,0,0.357142857,0,0
17023,1,14,2,0,0,0.142857143,0,0
17024,1,14,4,0,0,0.285714286,0,0
17025,1,14,5,0,0,0.357142857,0,0
17026,1,14,8,1,1,0.571428571,0.071428571,0.071428571
17027,1,14,8,1,1,0.571428571,0.071428571,0.071428571
17028,1,14,6,0,0,0.428571429,0,0
17029,1,14,7,0,0,0.5,0,0
17035,1,27,14,1,0,0.518518519,0.037037037,0
17036,1,27,9,1,0,0.333333333,0.037037037,0
17037,1,27,7,0,0,0.259259259,0,0
17038,1,27,4,0,0,0.148148148,0,0
17039,1,27,1,0,0,0.037037037,0,0
17103,1,13,8,2,0,0.615384615,0.153846154,0
17104,1,13,6,2,1,0.461538462,0.153846154,0.076923077
17105,1,13,8,2,0,0.615384615,0.153846154,0
17106,1,13,5,1,0,0.384615385,0.076923077,0
17107,1,13,6,0,0,0.461538462,0,0
17108,1,13,6,0,0,0.461538462,0,0
17109,1,13,3,0,0,0.230769231,0,0
17110,1,13,3,0,0,0.230769231,0,0
17111,1,13,7,0,0,0.538461538,0,0
17112,1,13,7,0,0,0.538461538,0,0
17113,1,13,6,0,0,0.461538462,0,0
17114,1,13,10,2,0,0.769230769,0.153846154,0
17115,1,13,7,0,0,0.538461538,0,0
17116,1,13,8,1,0,0.615384615,0.076923077,0
17117,1,13,9,1,0,0.692307692,0.076923077,0
17118,1,13,6,1,0,0.461538462,0.076923077,0
17119,1,13,8,3,1,0.615384615,0.230769231,0.076923077
17120,1,13,9,1,0,0.692307692,0.076923077,0
17121,1,13,5,2,0,0.384615385,0.153846154,0
17122,1,13,8,2,0,0.615384615,0.153846154,0
17123,1,13,11,4,0,0.846153846,0.307692308,0
17128,1,27,17,2,1,0.62962963,0.074074074,0.037037037
17129,1,27,11,1,0,0.407407407,0.037037037,0
17130,1,27,7,0,0,0.259259259,0,0
17131,1,27,5,0,0,0.185185185,0,0
17132,1,27,4,0,0,0.148148148,0,0
17192,1,13,7,1,0,0.538461538,0.076923077,0
17193,1,13,11,1,0,0.846153846,0.076923077,0
17194,1,13,7,2,0,0.538461538,0.153846154,0
17195,1,13,7,1,0,0.538461538,0.076923077,0
17196,1,13,8,1,0,0.615384615,0.076923077,0
17197,1,13,7,1,0,0.538461538,0.076923077,0
17198,1,13,7,0,0,0.538461538,0,0
17199,1,13,6,0,0,0.461538462,0,0
17200,1,13,5,0,0,0.384615385,0,0
17201,1,13,8,0,0,0.615384615,0,0
17202,1,13,11,1,0,0.846153846,0.076923077,0
17203,1,13,8,2,0,0.615384615,0.153846154,0
17204,1,13,7,1,0,0.538461538,0.076923077,0
17205,1,13,4,0,0,0.307692308,0,0
17206,1,13,4,0,0,0.307692308,0,0
17207,1,13,7,1,0,0.538461538,0.076923077,0
17208,1,13,6,1,0,0.461538462,0.076923077,0
17209,1,13,4,0,0,0.307692308,0,0
17210,1,13,7,0,0,0.538461538,0,0
17211,1,13,10,6,3,0.769230769,0.461538462,0.230769231
17215,1,27,9,1,0,0.333333333,0.037037037,0
17216,1,27,10,0,0,0.37037037,0,0
17217,1,27,11,0,0,0.407407407,0,0
17218,1,27,8,0,0,0.296296296,0,0
17219,1,27,7,1,0,0.259259259,0.037037037,0
17274,1,14,9,1,0,0.642857143,0.071428571,0
17275,1,14,5,2,0,0.357142857,0.142857143,0
17276,1,14,4,0,0,0.285714286,0,0
17277,1,14,10,3,0,0.714285714,0.214285714,0
17278,1,14,7,1,0,0.5,0.071428571,0
17279,1,14,8,2,0,0.571428571,0.142857143,0
17280,1,14,7,1,0,0.5,0.071428571,0
17281,1,14,6,2,0,0.428571429,0.142857143,0
17282,1,14,6,0,0,0.428571429,0,0
17283,1,14,9,3,0,0.642857143,0.214285714,0
17284,1,14,6,1,0,0.428571429,0.071428571,0
17285,1,14,7,0,0,0.5,0,0
17286,1,14,6,0,0,0.428571429,0,0
17287,1,14,2,0,0,0.142857143,0,0
17288,1,14,3,0,0,0.214285714,0,0
17289,1,14,4,0,0,0.285714286,0,0
17290,1,14,6,0,0,0.428571429,0,0
17296,1,27,21,8,3,0.777777778,0.296296296,0.111111111
17297,1,27,21,8,3,0.777777778,0.296296296,0.111111111
17298,1,27,14,3,1,0.518518519,0.111111111,0.037037037
17299,1,27,13,0,0,0.481481481,0,0
17300,1,27,9,0,0,0.333333333,0,0
17354,1,13,9,5,1,0.692307692,0.384615385,0.076923077
17355,1,13,8,0,0,0.615384615,0,0
17356,1,13,6,1,0,0.461538462,0.076923077,0
17357,1,13,6,2,1,0.461538462,0.153846154,0.076923077
17358,1,13,5,0,0,0.384615385,0,0
17359,1,13,6,0,0,0.461538462,0,0
17360,1,13,6,0,0,0.461538462,0,0
17361,1,13,6,2,0,0.461538462,0.153846154,0
17362,1,13,5,1,0,0.384615385,0.076923077,0
17363,1,13,5,0,0,0.384615385,0,0
17364,1,13,6,0,0,0.461538462,0,0
17365,1,13,5,0,0,0.384615385,0,0
17366,1,13,5,0,0,0.384615385,0,0
17367,1,13,11,5,1,0.846153846,0.384615385,0.076923077
17371,1,27,18,1,0,0.666666667,0.037037037,0
17372,1,27,18,1,0,0.666666667,0.037037037,0
17373,1,27,12,3,1,0.444444444,0.111111111,0.037037037
17374,1,27,10,2,2,0.37037037,0.074074074,0.074074074
17424,1,14,9,6,1,0.642857143,0.428571429,0.071428571
17425,1,14,7,1,1,0.5,0.071428571,0.071428571
17426,1,14,6,0,0,0.428571429,0,0
17427,1,14,4,0,0,0.285714286,0,0
17428,1,14,6,0,0,0.428571429,0,0
17429,1,14,6,0,0,0.428571429,0,0
17430,1,14,7,0,0,0.5,0,0
17431,1,14,5,0,0,0.357142857,0,0
17432,1,14,6,0,0,0.428571429,0,0
17433,1,14,6,1,0,0.428571429,0.071428571,0
17434,1,14,5,1,0,0.357142857,0.071428571,0
17492,1,14,5,0,0,0.357142857,0,0
17493,1,14,6,1,0,0.428571429,0.071428571,0
17494,1,14,7,0,0,0.5,0,0
17495,1,14,5,1,0,0.357142857,0.071428571,0
17496,1,14,5,0,0,0.357142857,0,0
17497,1,14,6,0,0,0.428571429,0,0
