grid_id,count,num_times_surveyed,longitude,latitude,trans_len
15768,1,13,-87.54444344,42.43500284,4.996557455
16919,1,15,-87.40954513,41.94037571,3.73028346
10297,1,15,-87.18471462,44.72827406,8.352152602
11222,1,17,-87.27464682,44.32357914,4.389494123
16545,1,15,-86.64512139,42.12024012,1.281578021
16749,1,27,-83.04783321,42.03030792,7.271874363
6534,1,1,-85.16124002,45.94235882,3.486227382
9356,1,6,-85.83573155,45.04303677,4.864031133
9623,1,7,-86.37532478,44.95310457,1.907445219
11865,1,17,-87.40954513,44.05378252,4.831962993
7087,1,1,-85.52096883,45.76249441,3.496276073
15429,1,4,-79.18074841,42.61486725,5.720521922
14879,1,13,-86.33035868,42.88466386,5.154281123
11046,1,17,-87.31961293,44.41351134,5.059935566
9216,1,7,-86.15049427,45.08800288,3.251944152
16149,1,10,-82.50823998,42.30010453,1.436766199
16838,1,16,-86.64512139,41.98534182,4.530541084
16839,1,16,-86.60015529,41.98534182,7.041587832
8938,1,3,-86.91491801,45.17793508,2.919304321
14085,1,10,-87.04981631,43.33432489,2.763446734
16825,1,15,-87.22968072,41.98534182,3.727275452
11535,1,4,-86.46525698,44.18868083,5.196459409
12138,1,12,-86.64512139,43.96385032,4.99562015
11185,1,20,-82.50823998,44.36854524,7.06293801
11005,1,20,-82.55320608,44.45847744,7.054485402
16834,1,15,-86.8249858,41.98534182,3.726725639
17209,1,13,-86.8249858,41.80547741,3.736882429
11311,1,17,-87.45451123,44.27861303,9.519257941
11403,1,17,-87.31961293,44.23364693,5.062270862
12271,1,12,-86.64512139,43.91888422,4.995608245
16639,1,14,-86.60015529,42.07527402,1.204142212
14658,1,14,-86.46525698,43.06452827,5.155848934
10335,1,10,-83.09279931,44.72827406,1.792615936
15438,1,6,-87.63437564,42.56990115,4.996590095
17300,1,27,-83.27266372,41.7605113,3.238684579
14238,1,10,-82.41830778,43.28935878,2.169725864
17009,1,14,-87.54444344,41.89540961,3.732926742
15576,1,14,-86.28539257,42.52493504,5.304324716
14461,1,20,-82.37334167,43.19942658,7.162982362
17277,1,14,-87.40954513,41.7605113,3.740461932
15871,1,4,-79.45054502,42.43500284,4.57667281
9913,1,6,-86.10552816,44.86317236,3.739217159
16741,1,14,-86.64512139,42.03030792,5.304315574
13935,1,16,-87.85920615,43.37929099,6.43347144
9903,1,7,-86.55518919,44.86317236,2.84812521
11666,1,20,-83.13776541,44.14371473,7.329165837
6402,1,1,-85.43103663,45.98732492,3.482896018
8826,1,7,-86.10552816,45.22290118,4.361737506
9772,1,6,-86.01559596,44.90813847,3.261379349
12705,1,12,-86.60015529,43.78398591,4.995989727
6650,1,3,-86.28539257,45.89739272,2.502775384
9465,1,15,-87.13974852,44.99807067,5.603991006
9487,1,6,-86.15049427,44.99807067,2.53125711
7801,1,3,-86.55518919,45.5376639,2.320332537
9917,1,7,-85.92566375,44.86317236,1.561619412
6517,1,1,-85.92566375,45.94235882,1.264828526
13152,1,20,-82.50823998,43.6490876,3.726860824
13690,1,10,-86.91491801,43.46922319,5.806399555
8378,1,3,-86.8249858,45.35779949,3.35499664
17108,1,13,-87.36457903,41.85044351,3.735039948
17014,1,14,-87.31961293,41.89540961,3.732458434
11401,1,17,-87.40954513,44.23364693,5.060910818
9909,1,6,-86.28539257,44.86317236,5.454335606
13675,1,16,-87.58940954,43.46922319,5.061751359
14350,1,20,-82.37334167,43.24439268,6.322729341
15427,1,4,-79.27068061,42.61486725,4.60461195
8958,1,7,-86.01559596,45.17793508,2.322188111
16326,1,12,-87.67934174,42.21017233,4.997103173
13826,1,15,-86.69008749,43.42425709,1.511911955
16719,1,13,-87.63437564,42.03030792,4.766612637
8377,1,3,-86.8699519,45.35779949,2.631505666
6938,1,1,-86.01559596,45.80746051,3.49319537
14810,1,13,-86.33035868,42.92962996,1.429636094
17018,1,14,-87.13974852,41.89540961,3.732141096
9469,1,15,-86.95988411,44.99807067,7.421943046
15230,1,6,-87.81424005,42.65983335,5.010260014
7071,1,3,-86.24042647,45.76249441,6.011276454
12704,1,12,-86.64512139,43.78398591,4.995575739
12703,1,12,-86.69008749,43.78398591,4.995703939
15143,1,6,-87.81424005,42.70479945,5.010257937
14849,1,6,-87.67934174,42.88466386,4.996602755
16095,1,4,-79.63040943,42.34507063,3.669333915
16240,1,14,-86.42029088,42.25513843,5.301663039
13939,1,16,-87.67934174,43.37929099,4.893700051
11261,1,10,-83.0028671,44.32357914,2.333729572
17128,1,27,-83.40756203,41.85044351,3.352356824
6962,1,1,-84.9364095,45.80746051,3.494859056
16353,1,14,-86.46525698,42.21017233,3.258466714
16424,1,13,-87.58940954,42.16520623,4.996880701
10769,1,17,-87.18471462,44.54840965,3.889703883
9213,1,7,-86.28539257,45.08800288,2.55057569
15573,1,14,-86.42029088,42.52493504,5.308571063
11438,1,20,-83.13776541,44.23364693,7.441536984
6523,1,1,-85.65586714,45.94235882,3.48539254
17115,1,13,-87.04981631,41.85044351,3.734646861
15054,1,4,-78.86598569,42.79473166,3.995245868
17008,1,14,-87.58940954,41.89540961,3.534414697
13532,1,16,-87.76927395,43.51418929,8.501295766
15435,1,6,-87.76927395,42.56990115,10.00694615
15636,1,4,-79.58544333,42.52493504,5.400078968
13962,1,15,-86.64512139,43.37929099,5.172478206
13812,1,10,-87.31961293,43.42425709,2.666842621
13130,1,14,-86.55518919,43.6490876,3.693968563
16214,1,13,-87.58940954,42.25513843,4.996838948
6208,1,1,-85.47600273,46.07725713,3.477293662
6529,1,1,-85.38607053,45.94235882,3.485801675
9912,1,6,-86.15049427,44.86317236,2.866824033
10427,1,15,-87.22968072,44.68330795,9.134289491
14108,1,20,-82.32837557,43.33432489,7.151296715
15980,1,4,-79.58544333,42.39003674,5.61816546
6794,1,3,-86.24042647,45.85242661,4.378226509
6302,1,1,-85.34110442,46.03229102,3.480423962
7076,1,1,-86.01559596,45.76249441,3.495764566
10188,1,7,-86.10552816,44.77324016,1.948104214
15050,1,4,-79.0458501,42.79473166,2.50399178
15695,1,27,-82.50823998,42.47996894,7.452164738
8673,1,3,-86.8699519,45.26786728,3.951809645
9771,1,6,-86.06056206,44.90813847,4.923458674
8954,1,7,-86.19546037,45.17793508,2.605892083
12002,1,13,-86.51022308,44.00881642,4.995379067
15019,1,14,-86.19546037,42.79473166,1.24269041
12121,1,17,-87.40954513,43.96385032,5.014625675
11363,1,10,-82.50823998,44.27861303,1.145525633
15220,1,4,-79.22571451,42.70479945,4.53006334
8701,1,6,-85.61090104,45.26786728,3.235108443
14940,1,15,-86.46525698,42.83969776,4.99233757
15543,1,6,-87.76927395,42.52493504,10.0069726
15748,1,4,-79.67537553,42.47996894,4.613343202
15750,1,4,-79.58544333,42.47996894,5.194369702
8941,1,3,-86.7800197,45.17793508,4.565293648
9764,1,7,-86.37532478,44.90813847,4.096149841
10689,1,20,-83.18273151,44.59337575,3.42643169
17194,1,13,-87.49947734,41.80547741,3.73818221
9067,1,3,-87.04981631,45.13296898,5.540792497
17037,1,27,-83.22769762,41.89540961,14.9327804
10165,1,15,-87.13974852,44.77324016,7.855876599
7936,1,3,-86.7350536,45.4926978,3.794759705
12120,1,17,-87.45451123,43.96385032,4.875234351
17431,1,14,-87.13974852,41.6705791,3.745154769
17011,1,14,-87.45451123,41.89540961,3.732729858
14808,1,14,-86.42029088,42.92962996,5.15499476
9633,1,6,-85.92566375,44.95310457,4.622065103
13818,1,10,-87.04981631,43.42425709,1.884040333
7084,1,1,-85.65586714,45.76249441,3.496099492
11219,1,17,-87.40954513,44.32357914,5.06086263
15223,1,4,-79.0908162,42.70479945,5.460495359
15656,1,13,-87.45451123,42.47996894,1.190306456
6677,1,1,-85.07130781,45.89739272,3.488950519
14240,1,20,-82.32837557,43.28935878,7.154189103
7937,1,3,-86.69008749,45.4926978,2.197937105
6801,1,1,-85.92566375,45.85242661,3.490533802
11778,1,10,-83.18273151,44.09874862,3.222280839
12871,1,20,-82.50823998,43.73901981,5.892980919
15990,1,13,-87.58940954,42.34507063,4.996799118
17112,1,13,-87.18471462,41.85044351,3.7347963
9214,1,7,-86.24042647,45.08800288,4.046972586
6958,1,1,-85.11627391,45.80746051,3.494458405
10890,1,5,-86.28539257,44.50344355,4.646765063
15586,1,27,-82.64313829,42.52493504,7.419796693
17116,1,13,-87.00485021,41.85044351,3.734603384
14448,1,15,-86.55518919,43.19942658,1.416946341
14912,1,6,-87.72430785,42.83969776,4.996807263
6818,1,1,-85.16124002,45.85242661,3.491842122
14310,1,10,-87.76927395,43.24439268,5.009477535
9889,1,15,-87.18471462,44.86317236,7.242834915
13839,1,20,-82.41830778,43.42425709,4.905658684
8550,1,6,-85.65586714,45.31283339,2.055768813
16206,1,4,-79.67537553,42.30010453,1.891905301
11160,1,5,-86.33035868,44.36854524,5.20202395
13107,1,16,-87.58940954,43.6490876,4.788527649
14309,1,10,-87.81424005,43.24439268,5.010117118
6666,1,1,-85.56593494,45.89739272,3.488115045
17123,1,13,-86.69008749,41.85044351,3.718133932
8525,1,3,-86.7800197,45.31283339,1.603262211
15582,1,27,-82.8230027,42.52493504,11.08865982
11982,1,17,-87.40954513,44.00881642,5.242139052
13277,1,14,-86.55518919,43.6041215,2.485921539
17279,1,14,-87.31961293,41.7605113,3.740287526
9491,1,6,-85.97062986,44.99807067,4.697703835
13802,1,16,-87.76927395,43.42425709,5.325545904
10041,1,7,-86.55518919,44.81820626,1.549017914
6210,1,1,-85.38607053,46.07725713,3.477406516
12537,1,17,-87.58940954,43.82895201,5.232887916
13686,1,10,-87.09478241,43.46922319,1.979475976
9200,1,3,-86.8699519,45.08800288,5.463707594
6960,1,1,-85.02634171,45.80746051,3.494652569
14711,1,15,-86.51022308,43.01956217,5.169829456
12987,1,12,-86.64512139,43.6940537,4.995556746
15794,1,14,-86.37532478,42.43500284,2.636356666
15924,1,27,-82.46327388,42.39003674,11.1144607
8835,1,6,-85.70083324,45.22290118,3.852897925
10428,1,12,-87.18471462,44.68330795,5.517518451
16525,1,13,-87.54444344,42.12024012,4.996693934
17203,1,13,-87.09478241,41.80547741,3.737316382
10960,1,17,-87.36457903,44.45847744,5.061253855
8526,1,3,-86.7350536,45.31283339,5.523440625
17354,1,13,-87.49947734,41.7155452,3.743433657
15575,1,14,-86.33035868,42.52493504,2.26747151
16529,1,13,-87.36457903,42.12024012,4.996209855
8839,1,7,-85.52096883,45.22290118,2.402350381
14983,1,6,-87.81424005,42.79473166,5.010254587
10048,1,6,-86.24042647,44.81820626,3.887038949
6931,1,3,-86.33035868,45.80746051,4.059488811
12561,1,13,-86.51022308,43.82895201,4.995322081
15766,1,13,-87.63437564,42.43500284,4.996780844
9915,1,6,-86.01559596,44.86317236,2.135375334
14812,1,14,-86.24042647,42.92962996,5.171813745
6658,1,1,-85.92566375,45.89739272,3.20488141
9070,1,3,-86.91491801,45.13296898,5.182443104
14782,1,6,-87.58940954,42.92962996,1.479877227
11003,1,20,-82.64313829,44.45847744,7.055125731
6673,1,1,-85.25117222,45.89739272,3.48860355
13413,1,10,-86.95988411,43.5591554,2.898870473
6530,1,1,-85.34110442,45.94235882,3.485880654
11556,1,20,-82.9129349,44.18868083,7.050525545
12845,1,12,-86.64512139,43.73901981,4.995565975
15991,1,13,-87.54444344,42.34507063,4.996594024
17129,1,27,-83.36259592,41.85044351,11.20343676
15367,1,14,-86.33035868,42.61486725,3.373136945
13688,1,10,-87.00485021,43.46922319,3.381663635
12827,1,21,-87.45451123,43.73901981,5.447266504
9767,1,6,-86.24042647,44.90813847,4.835245101
15770,1,13,-87.45451123,42.43500284,4.996376279
8689,1,7,-86.15049427,45.26786728,1.651584662
14529,1,13,-86.42029088,43.15446048,5.155986232
16920,1,15,-87.36457903,41.94037571,3.730167946
15879,1,12,-87.67934174,42.39003674,4.997013599
9197,1,3,-87.00485021,45.08800288,3.861173607
11738,1,17,-87.49947734,44.09874862,5.960446487
17296,1,27,-83.45252813,41.7605113,4.149653081
9358,1,7,-85.74579935,45.04303677,5.392840365
11673,1,20,-82.8230027,44.14371473,6.770540158
15376,1,27,-82.64313829,42.61486725,3.050169503
13975,1,20,-82.37334167,43.37929099,7.538690391
17424,1,14,-87.45451123,41.6705791,3.745633362
9088,1,7,-86.10552816,45.13296898,4.43118221
11399,1,17,-87.49947734,44.23364693,5.059218981
9357,1,7,-85.79076545,45.04303677,2.013990195
11140,1,17,-87.22968072,44.36854524,5.062551612
12846,1,12,-86.60015529,43.73901981,4.995979414
12559,1,12,-86.60015529,43.82895201,3.09290693
13817,1,10,-87.09478241,43.42425709,5.789815849
15884,1,13,-87.45451123,42.39003674,4.996393492
13699,1,14,-86.51022308,43.46922319,1.532021412
13949,1,10,-87.22968072,43.37929099,2.079908469
9218,1,6,-86.06056206,45.08800288,2.097675667
11628,1,17,-87.45451123,44.14371473,5.235140545
9766,1,6,-86.28539257,44.90813847,2.856853003
10868,1,17,-87.27464682,44.50344355,5.062616537
7091,1,1,-85.34110442,45.76249441,3.496554732
12140,1,12,-86.55518919,43.96385032,4.996096549
13937,1,16,-87.76927395,43.37929099,5.163990429
9914,1,6,-86.06056206,44.86317236,4.49554314
9085,1,7,-86.24042647,45.13296898,2.824571595
15804,1,27,-82.8230027,42.43500284,11.10604905
13708,1,20,-82.32837557,43.46922319,7.139762478
10298,1,12,-87.13974852,44.72827406,5.014696534
8100,1,7,-85.83573155,45.44773169,2.984895623
10321,1,7,-86.10552816,44.72827406,3.280591747
10765,1,17,-87.36457903,44.54840965,4.245297369
12968,1,16,-87.49947734,43.6940537,5.339539551
10901,1,20,-83.0028671,44.50344355,2.750893207
10963,1,17,-87.22968072,44.45847744,5.062519333
15679,1,14,-86.42029088,42.47996894,4.187184404
6681,1,1,-84.8914434,45.89739272,3.489346778
12118,1,17,-87.54444344,43.96385032,5.026064438
15365,1,15,-86.42029088,42.61486725,4.527490006
16822,1,15,-87.36457903,41.98534182,4.263688337
15881,1,13,-87.58940954,42.39003674,4.996779923
7067,1,3,-86.42029088,45.76249441,1.649528471
12396,1,17,-87.63437564,43.87391811,6.270850836
15809,1,27,-82.59817218,42.43500284,11.10652979
7068,1,3,-86.37532478,45.76249441,4.354520228
10869,1,17,-87.22968072,44.50344355,5.062504788
16823,1,15,-87.31961293,41.98534182,3.727432562
11558,1,10,-82.8230027,44.18868083,1.510146762
11552,1,20,-83.09279931,44.18868083,7.199722284
10042,1,7,-86.51022308,44.81820626,3.987609823
12873,1,10,-82.41830778,43.73901981,2.660783975
15421,1,4,-79.54047723,42.61486725,2.064733658
15531,1,4,-79.45054502,42.56990115,5.185454768
14231,1,14,-86.42029088,43.28935878,5.157027893
15478,1,27,-82.64313829,42.56990115,5.085842024
8226,1,3,-86.7350536,45.40276559,5.196660289
14576,1,10,-87.81424005,43.10949437,5.010113628
8830,1,6,-85.92566375,45.22290118,5.386655325
15792,1,14,-86.46525698,42.43500284,5.307676901
11864,1,17,-87.45451123,44.05378252,4.509653246
14684,1,10,-87.72430785,43.01956217,5.007591495
17274,1,14,-87.54444344,41.7605113,2.906647
12119,1,17,-87.49947734,43.96385032,4.660847211
13420,1,14,-86.64512139,43.5591554,5.159251414
13569,1,20,-82.41830778,43.51418929,7.540265314
14217,1,10,-87.04981631,43.28935878,3.77269272
17492,1,14,-87.40954513,41.625613,2.045313836
8672,1,3,-86.91491801,45.26786728,4.190671577
16104,1,12,-87.67934174,42.30010453,4.997057415
9493,1,6,-85.88069765,44.99807067,5.376271555
17205,1,13,-87.00485021,41.80547741,3.737159016
8939,1,3,-86.8699519,45.17793508,5.619454414
16622,1,13,-87.36457903,42.07527402,4.996228522
16133,1,14,-86.37532478,42.30010453,1.588096807
17016,1,14,-87.22968072,41.89540961,3.732293404
6521,1,1,-85.74579935,45.94235882,3.485280838
6819,1,1,-85.11627391,45.85242661,3.491946816
15697,1,27,-82.41830778,42.47996894,4.409945097
6800,1,1,-85.97062986,45.85242661,3.101359811
9099,1,7,-85.61090104,45.13296898,3.495073816
15649,1,18,-87.76927395,42.47996894,8.507642406
15979,1,4,-79.63040943,42.39003674,5.698324927
10030,1,12,-87.04981631,44.81820626,5.529805561
7103,1,1,-84.8015112,45.76249441,3.064281461
11067,1,4,-86.37532478,44.41351134,5.198093685
15869,1,4,-79.54047723,42.43500284,5.170739588
8696,1,6,-85.83573155,45.26786728,2.31920616
15805,1,27,-82.77803659,42.43500284,11.10661564
16923,1,15,-87.22968072,41.94037571,3.72984057
8380,1,3,-86.7350536,45.35779949,1.190353048
13804,1,16,-87.67934174,43.42425709,5.333913581
16142,1,17,-82.8230027,42.30010453,1.422609131
12557,1,12,-86.69008749,43.82895201,4.995712953
15746,1,4,-79.76530774,42.47996894,3.587867368
6682,1,1,-84.8464773,45.89739272,2.28617372
17199,1,13,-87.27464682,41.80547741,3.737669312
9086,1,7,-86.19546037,45.13296898,5.233929897
14097,1,13,-86.51022308,43.33432489,5.15761065
14422,1,10,-87.72430785,43.19942658,5.007592819
14609,1,14,-86.33035868,43.10949437,2.549184023
12398,1,17,-87.54444344,43.87391811,4.812969257
17374,1,27,-83.31762982,41.7155452,5.153604961
13815,1,10,-87.18471462,43.42425709,2.461552712
8700,1,6,-85.65586714,45.26786728,2.571708146
13801,1,16,-87.81424005,43.42425709,9.391884969
15320,1,4,-79.40557892,42.65983335,2.380126991
9774,1,7,-85.92566375,44.90813847,3.858834492
14338,1,14,-86.51022308,43.24439268,3.741096836
14340,1,14,-86.42029088,43.24439268,4.979565114
6940,1,1,-85.92566375,45.80746051,3.493266084
15689,1,27,-82.77803659,42.47996894,11.09893578
15263,1,14,-86.33035868,42.65983335,3.651724384
15795,1,14,-86.33035868,42.43500284,5.303424795
7800,1,3,-86.60015529,45.5376639,5.993348623
17290,1,14,-86.8249858,41.7605113,3.382169097
17130,1,27,-83.31762982,41.85044351,11.20380865
9494,1,7,-85.83573155,44.99807067,1.956441779
12001,1,12,-86.55518919,44.00881642,4.996109664
17358,1,13,-87.31961293,41.7155452,3.742959798
12731,1,20,-82.46327388,43.78398591,6.109580066
15638,1,4,-79.49551113,42.52493504,5.318288557
17430,1,14,-87.18471462,41.6705791,3.74521361
6209,1,1,-85.43103663,46.07725713,3.477348547
9346,1,7,-86.28539257,45.04303677,2.870758114
14659,1,13,-86.42029088,43.06452827,4.389788951
7356,1,3,-86.51022308,45.67256221,1.851582914
16351,1,14,-86.55518919,42.21017233,5.239923464
8081,1,3,-86.69008749,45.44773169,5.585899523
11186,1,20,-82.46327388,44.36854524,5.505754342
16427,1,13,-87.45451123,42.16520623,4.996486864
10660,1,17,-87.27464682,44.59337575,5.34659177
11172,1,20,-83.09279931,44.36854524,7.391029327
15791,1,15,-86.51022308,42.43500284,5.248888106
14761,1,15,-86.51022308,42.97459607,5.169779971
15175,1,15,-86.37532478,42.70479945,4.217168474
8809,1,3,-86.8699519,45.22290118,2.467729984
13127,1,15,-86.69008749,43.6490876,6.850439479
11781,1,20,-83.04783321,44.09874862,2.366032438
14981,1,4,-78.86598569,42.83969776,2.282148413
7070,1,3,-86.28539257,45.76249441,2.157438682
15366,1,14,-86.37532478,42.61486725,5.309478047
9490,1,6,-86.01559596,44.99807067,3.126375276
11650,1,4,-86.46525698,44.14371473,5.196467349
10425,1,15,-87.31961293,44.68330795,13.23372342
14942,1,14,-86.37532478,42.83969776,5.154191137
14352,1,10,-82.28340947,43.24439268,1.329134621
14421,1,10,-87.76927395,43.19942658,5.00947583
15694,1,27,-82.55320608,42.47996894,11.09776994
16132,1,14,-86.42029088,42.30010453,3.713799833
15914,1,27,-82.9129349,42.39003674,2.191325154
8677,1,3,-86.69008749,45.26786728,3.718350559
13105,1,16,-87.67934174,43.6490876,5.014262738
11079,1,20,-83.13776541,44.41351134,7.065108165
10166,1,12,-87.09478241,44.77324016,4.941240574
15993,1,13,-87.45451123,42.34507063,4.996411192
15234,1,6,-87.63437564,42.65983335,4.996549201
15474,1,27,-82.8230027,42.56990115,6.477742777
15977,1,4,-79.72034164,42.39003674,4.377808984
14082,1,10,-87.18471462,43.33432489,3.062006161
6407,1,1,-85.20620612,45.98732492,3.483241974
10161,1,15,-87.31961293,44.77324016,5.862582715
10548,1,15,-87.36457903,44.63834185,11.35781194
16130,1,14,-86.51022308,42.30010453,4.855710514
15336,1,6,-87.72430785,42.61486725,4.99691965
13548,1,10,-87.04981631,43.51418929,1.938779486
16827,1,15,-87.13974852,41.98534182,3.727131056
15917,1,27,-82.77803659,42.39003674,11.11308239
16915,1,15,-87.58940954,41.94037571,3.730777501
16724,1,13,-87.40954513,42.03030792,4.454933501
13398,1,16,-87.63437564,43.5591554,4.956497452
15476,1,27,-82.73307049,42.56990115,11.07908365
9905,1,7,-86.46525698,44.86317236,3.59627231
6651,1,3,-86.24042647,45.89739272,3.507867796
15219,1,4,-79.27068061,42.70479945,3.695038618
14337,1,14,-86.55518919,43.24439268,1.415853982
13534,1,16,-87.67934174,43.51418929,5.322809101
6652,1,3,-86.19546037,45.89739272,4.621186898
6810,1,1,-85.52096883,45.85242661,3.491115454
7212,1,3,-86.46525698,45.71752831,1.865710487
8549,1,6,-85.70083324,45.31283339,2.000438514
10994,1,20,-83.04783321,44.45847744,7.061351371
10962,1,17,-87.27464682,44.45847744,5.062632589
15270,1,27,-82.73307049,42.65983335,7.377324533
15536,1,4,-79.22571451,42.56990115,5.185781847
16134,1,14,-86.33035868,42.30010453,5.307050101
6826,1,1,-84.8015112,45.85242661,3.479424613
10459,1,20,-83.13776541,44.68330795,7.041940163
14767,1,14,-86.24042647,42.97459607,5.006254491
11068,1,5,-86.33035868,44.41351134,2.273191768
10796,1,20,-83.18273151,44.54840965,5.022999643
8547,1,6,-85.79076545,45.31283339,2.823719186
15635,1,4,-79.63040943,42.52493504,5.672332764
13556,1,15,-86.69008749,43.51418929,5.173384098
10865,1,17,-87.40954513,44.50344355,10.12083082
15753,1,4,-79.45054502,42.47996894,5.585748127
15807,1,27,-82.68810439,42.43500284,11.10777682
10317,1,6,-86.28539257,44.72827406,5.453448705
11627,1,17,-87.49947734,44.14371473,10.47315706
13710,1,20,-82.23844337,43.46922319,6.892066614
10187,1,6,-86.15049427,44.77324016,5.108940467
11979,1,17,-87.54444344,44.00881642,7.529212373
14538,1,10,-82.41830778,43.15446048,1.085767553
11671,1,20,-82.9129349,44.14371473,5.207266152
15529,1,4,-79.54047723,42.56990115,4.771576054
16210,1,12,-87.76927395,42.25513843,4.997514543
13689,1,10,-86.95988411,43.46922319,2.390037567
15803,1,27,-82.8679688,42.43500284,7.067205271
14979,1,4,-78.9559179,42.83969776,1.525288678
17197,1,13,-87.36457903,41.80547741,3.737864898
12963,1,16,-87.72430785,43.6940537,3.76659013
15139,1,4,-78.9559179,42.74976556,4.779110806
17496,1,14,-87.22968072,41.625613,3.747737496
15428,1,4,-79.22571451,42.61486725,4.906882436
14880,1,14,-86.28539257,42.88466386,5.154463714
15688,1,27,-82.8230027,42.47996894,11.09836762
8832,1,6,-85.83573155,45.22290118,4.640504548
16932,1,15,-86.8249858,41.94037571,3.729030604
14313,1,10,-87.63437564,43.24439268,5.009333226
9353,1,6,-85.97062986,45.04303677,4.324870087
16027,1,27,-82.8679688,42.34507063,9.680454971
10447,1,6,-86.33035868,44.68330795,2.754898332
13672,1,16,-87.72430785,43.46922319,5.223459821
7075,1,1,-86.06056206,45.76249441,3.495736617
14323,1,10,-87.18471462,43.24439268,3.066942871
14807,1,15,-86.46525698,42.92962996,4.097803652
15056,1,6,-87.81424005,42.74976556,5.010256128
11740,1,17,-87.40954513,44.09874862,5.241203761
17028,1,14,-86.69008749,41.89540961,3.73157002
9634,1,7,-85.88069765,44.95310457,2.660274001
13297,1,20,-82.41830778,43.6041215,7.119922137
9605,1,15,-87.18471462,44.95310457,4.269884561
12251,1,17,-87.54444344,43.91888422,5.23364669
15221,1,4,-79.18074841,42.70479945,4.779174723
6511,1,3,-86.19546037,45.94235882,2.777268363
15976,1,4,-79.76530774,42.39003674,1.686429162
13814,1,10,-87.22968072,43.42425709,5.777719036
17120,1,13,-86.8249858,41.85044351,3.734461121
13568,1,20,-82.46327388,43.51418929,3.644754764
15581,1,27,-82.8679688,42.52493504,6.735675304
15687,1,27,-82.8679688,42.47996894,8.185891981
10682,1,4,-86.28539257,44.59337575,5.199776673
15140,1,4,-78.9109518,42.74976556,2.6415453
17372,1,27,-83.40756203,41.7155452,7.483941002
15633,1,4,-79.72034164,42.52493504,3.304924382
6662,1,1,-85.74579935,45.89739272,3.487903781
17281,1,14,-87.22968072,41.7605113,3.740125854
12274,1,13,-86.51022308,43.91888422,4.995349525
13269,1,10,-86.91491801,43.6041215,2.089790255
11139,1,17,-87.27464682,44.36854524,4.88465656
8828,1,7,-86.01559596,45.22290118,5.179690053
13432,1,20,-82.41830778,43.5591554,7.142762312
9892,1,15,-87.04981631,44.86317236,6.303672809
15136,1,4,-79.0908162,42.74976556,4.493500513
16833,1,15,-86.8699519,41.98534182,3.726774045
9904,1,7,-86.51022308,44.86317236,3.730455461
6538,1,1,-84.98137561,45.94235882,3.486623387
16096,1,4,-79.58544333,42.34507063,2.659777705
8396,1,7,-86.01559596,45.35779949,4.681805839
10029,1,15,-87.09478241,44.81820626,7.486236422
14086,1,10,-87.00485021,43.33432489,3.038672293
11364,1,20,-82.46327388,44.27861303,6.785576264
10961,1,17,-87.31961293,44.45847744,5.059917468
8228,1,3,-86.64512139,45.40276559,4.747723941
10767,1,17,-87.27464682,44.54840965,3.385376054
16109,1,13,-87.45451123,42.30010453,4.996429379
11006,1,20,-82.50823998,44.45847744,4.844391641
16721,1,13,-87.54444344,42.03030792,4.996737298
15640,1,4,-79.40557892,42.52493504,5.156808967
12252,1,17,-87.49947734,43.91888422,5.239621713
11517,1,29,-87.27464682,44.18868083,5.027040373
10912,1,10,-82.50823998,44.50344355,2.227800443
8955,1,7,-86.15049427,45.17793508,5.400410758
14985,1,6,-87.72430785,42.79473166,4.996828657
15538,1,4,-79.13578231,42.56990115,1.911984322
10958,1,17,-87.45451123,44.45847744,3.027575412
14686,1,10,-87.63437564,43.01956217,5.009317234
8695,1,6,-85.88069765,45.26786728,5.042366111
10026,1,15,-87.22968072,44.81820626,9.579256679
14424,1,10,-87.63437564,43.19942658,5.009329497
8953,1,7,-86.24042647,45.17793508,3.973843292
10316,1,6,-86.33035868,44.72827406,2.513373919
7358,1,3,-86.42029088,45.67256221,3.278894853
12826,1,21,-87.49947734,43.73901981,5.523236478
7082,1,1,-85.74579935,45.76249441,3.495997215
15812,1,27,-82.46327388,42.43500284,11.10841174
15466,1,14,-86.37532478,42.56990115,3.902831573
16918,1,15,-87.45451123,41.94037571,3.730402171
13415,1,10,-86.8699519,43.5591554,2.307974556
7804,1,3,-86.42029088,45.5376639,1.485737595
15534,1,4,-79.31564672,42.56990115,4.908782886
13268,1,10,-86.95988411,43.6041215,4.263946406
17211,1,13,-86.7350536,41.80547741,2.496092797
9906,1,7,-86.42029088,44.86317236,2.978192602
15923,1,27,-82.50823998,42.39003674,11.11386636
8834,1,6,-85.74579935,45.22290118,3.851016218
14848,1,6,-87.72430785,42.88466386,4.996786411
15437,1,6,-87.67934174,42.56990115,4.996748517
14216,1,10,-87.09478241,43.28935878,1.155833078
16832,1,15,-86.91491801,41.98534182,3.726825619
6537,1,1,-85.02634171,45.94235882,3.486519767
15422,1,4,-79.49551113,42.61486725,4.204109499
14607,1,13,-86.42029088,43.10949437,5.155939324
9770,1,6,-86.10552816,44.90813847,2.447918042
13966,1,14,-86.46525698,43.37929099,5.157842249
17494,1,14,-87.31961293,41.625613,3.747897829
13109,1,16,-87.49947734,43.6490876,5.32962123
16143,1,17,-82.77803659,42.30010453,3.708846366
11760,1,4,-86.51022308,44.09874862,4.569126395
14107,1,20,-82.37334167,43.33432489,7.151483889
11536,1,5,-86.42029088,44.18868083,2.57907911
7097,1,1,-85.07130781,45.76249441,3.497065257
14980,1,4,-78.9109518,42.83969776,5.490647532
6654,1,3,-86.10552816,45.89739272,5.481931473
10683,1,5,-86.24042647,44.59337575,3.703872483
14308,1,10,-87.85920615,43.24439268,5.010395251
14069,1,22,-87.76927395,43.33432489,5.034868531
15272,1,27,-82.64313829,42.65983335,7.171356434
8824,1,7,-86.19546037,45.22290118,2.818095926
13707,1,20,-82.37334167,43.46922319,7.157667075
11537,1,5,-86.37532478,44.18868083,2.621704094
17029,1,14,-86.64512139,41.89540961,3.731530341
17192,1,13,-87.58940954,41.80547741,1.535861238
11439,1,20,-83.09279931,44.23364693,7.312570466
8691,1,7,-86.06056206,45.26786728,3.138800673
7089,1,1,-85.43103663,45.76249441,3.49640923
14846,1,6,-87.81424005,42.88466386,5.010252305
17200,1,13,-87.22968072,41.80547741,3.737576301
6299,1,1,-85.47600273,46.03229102,3.480188805
16548,1,14,-86.51022308,42.12024012,2.769384078
17106,1,13,-87.45451123,41.85044351,3.735180822
14070,1,22,-87.72430785,43.33432489,5.036527428
17035,1,27,-83.31762982,41.89540961,10.32694179
15271,1,27,-82.68810439,42.65983335,7.37768628
16549,1,14,-86.46525698,42.12024012,2.530968447
10867,1,17,-87.31961293,44.50344355,5.059900424
16032,1,27,-82.64313829,42.34507063,11.12200402
14915,1,6,-87.58940954,42.83969776,4.996366765
15864,1,4,-79.76530774,42.43500284,4.014312463
11424,1,5,-86.37532478,44.23364693,5.201191038
14577,1,10,-87.76927395,43.10949437,5.00947323
16331,1,13,-87.45451123,42.21017233,4.996467215
17355,1,13,-87.45451123,41.7155452,3.743310393
14423,1,10,-87.67934174,43.19942658,5.007865352
13963,1,14,-86.60015529,43.37929099,2.261762356
15089,1,14,-86.33035868,42.74976556,1.877173136
17287,1,14,-86.95988411,41.7605113,3.739717136
17110,1,13,-87.27464682,41.85044351,3.734911777
8967,1,7,-85.61090104,45.17793508,2.21492024
15811,1,27,-82.50823998,42.43500284,11.10777509
7357,1,3,-86.46525698,45.67256221,4.983061364
14230,1,13,-86.46525698,43.28935878,4.394278395
15877,1,12,-87.76927395,42.39003674,4.997449236
9217,1,6,-86.10552816,45.08800288,4.503979361
11365,1,20,-82.41830778,44.27861303,4.78449102
13940,1,16,-87.63437564,43.37929099,4.911268019
11631,1,17,-87.31961293,44.14371473,5.160171981
16824,1,15,-87.27464682,41.98534182,3.727352417
13813,1,10,-87.27464682,43.42425709,3.105890719
8079,1,3,-86.7800197,45.44773169,3.419843729
6956,1,1,-85.20620612,45.80746051,3.494276567
11437,1,20,-83.18273151,44.23364693,3.437319337
12420,1,12,-86.55518919,43.87391811,4.996071971
8528,1,3,-86.64512139,45.31283339,3.314161396
8399,1,7,-85.88069765,45.35779949,2.096458385
9355,1,6,-85.88069765,45.04303677,3.144160931
13154,1,20,-82.41830778,43.6490876,5.631361671
7083,1,1,-85.70083324,45.76249441,3.496046809
6518,1,1,-85.88069765,45.94235882,3.485136436
13254,1,16,-87.58940954,43.6041215,5.309203824
11312,1,17,-87.40954513,44.27861303,5.060886192
11550,1,20,-83.18273151,44.18868083,5.040292348
15264,1,14,-86.28539257,42.65983335,5.305961458
8400,1,7,-85.83573155,45.35779949,5.115234332
9223,1,6,-85.83573155,45.08800288,4.378808107
7654,1,3,-86.55518919,45.58263,5.662956212
13535,1,16,-87.63437564,43.51418929,5.33480175
16934,1,15,-86.7350536,41.94037571,3.72888561
8837,1,6,-85.61090104,45.22290118,4.997939602
16037,1,27,-82.41830778,42.34507063,2.557128168
17218,1,27,-83.31762982,41.80547741,11.21472269
7657,1,3,-86.42029088,45.58263,4.844042758
17022,1,14,-86.95988411,41.89540961,3.731874603
15235,1,6,-87.58940954,42.65983335,4.996437378
6803,1,1,-85.83573155,45.85242661,3.490641459
8523,1,3,-86.8699519,45.31283339,3.766398764
10910,1,20,-82.59817218,44.50344355,4.505855518
13396,1,16,-87.72430785,43.5591554,5.059314843
13552,1,10,-86.8699519,43.51418929,4.814839961
12562,1,13,-86.46525698,43.82895201,4.994723091
8671,1,3,-86.95988411,45.26786728,1.791774529
16830,1,15,-87.00485021,41.98534182,3.726938277
14531,1,14,-86.33035868,43.15446048,5.173564023
13683,1,10,-87.22968072,43.46922319,2.002248572
17283,1,14,-87.13974852,41.7605113,3.739976905
13558,1,14,-86.60015529,43.51418929,1.984866197
16031,1,27,-82.68810439,42.34507063,11.12145439
8544,1,7,-85.92566375,45.31283339,2.738415393
16445,1,15,-86.64512139,42.16520623,5.301537644
10046,1,6,-86.33035868,44.81820626,4.944788982
10579,1,20,-83.18273151,44.63834185,3.179756919
17206,1,13,-86.95988411,41.80547741,3.737085104
17219,1,27,-83.27266372,41.80547741,10.14901112
7214,1,3,-86.37532478,45.71752831,3.572865381
17027,1,14,-86.7350536,41.89540961,3.731612863
15090,1,14,-86.28539257,42.74976556,5.743230094
13843,1,20,-82.23844337,43.42425709,7.171590239
13828,1,14,-86.60015529,43.42425709,5.158384022
13153,1,20,-82.46327388,43.6490876,7.483644945
12270,1,12,-86.69008749,43.91888422,4.995732597
15052,1,4,-78.9559179,42.79473166,5.622261317
15678,1,14,-86.46525698,42.47996894,1.121233634
8833,1,6,-85.79076545,45.22290118,2.775224385
13276,1,13,-86.60015529,43.6041215,5.159342316
12684,1,17,-87.54444344,43.78398591,5.238919388
7088,1,1,-85.47600273,45.76249441,3.496341109
8383,1,3,-86.60015529,45.35779949,2.922817023
6533,1,1,-85.20620612,45.94235882,3.48613608
12708,1,13,-86.46525698,43.78398591,4.99470727
15368,1,14,-86.28539257,42.61486725,1.932227992
17275,1,14,-87.49947734,41.7605113,3.740649084
11980,1,17,-87.49947734,44.00881642,5.234416823
14604,1,15,-86.55518919,43.10949437,5.170676132
17193,1,13,-87.54444344,41.80547741,3.738294369
15087,1,15,-86.42029088,42.74976556,2.568830974
9095,1,6,-85.79076545,45.13296898,5.377255389
13697,1,14,-86.60015529,43.46922319,5.158431145
14201,1,10,-87.76927395,43.28935878,5.325383401
11218,1,17,-87.45451123,44.32357914,10.12010479
12539,1,17,-87.49947734,43.82895201,5.240565284
14452,1,14,-86.37532478,43.19942658,5.156216632
8698,1,6,-85.74579935,45.26786728,2.015615827
10460,1,20,-83.09279931,44.68330795,5.727360261
12422,1,13,-86.46525698,43.87391811,4.994739385
15467,1,14,-86.33035868,42.56990115,5.305048324
8812,1,3,-86.7350536,45.22290118,4.135392098
13250,1,16,-87.76927395,43.6041215,2.94866102
11998,1,12,-86.69008749,44.00881642,4.995754396
17202,1,13,-87.13974852,41.80547741,3.737399838
6410,1,1,-85.07130781,45.98732492,3.483486536
6669,1,1,-85.43103663,45.89739272,3.488305898
13399,1,16,-87.58940954,43.5591554,5.121738968
14984,1,6,-87.76927395,42.79473166,4.996769649
14777,1,10,-87.81424005,42.92962996,8.553069265
7216,1,3,-86.28539257,45.71752831,5.75548335
7802,1,3,-86.51022308,45.5376639,3.680349781
8099,1,7,-85.88069765,45.44773169,4.344820573
12707,1,13,-86.51022308,43.78398591,4.995309147
12824,1,21,-87.58940954,43.73901981,5.477789884
8674,1,3,-86.8249858,45.26786728,2.029051911
13844,1,20,-82.19347726,43.42425709,1.514627897
14683,1,10,-87.76927395,43.01956217,5.009471711
9891,1,15,-87.09478241,44.86317236,9.940437997
17023,1,14,-86.91491801,41.89540961,3.731815915
10582,1,20,-83.04783321,44.63834185,1.951167951
6946,1,1,-85.65586714,45.80746051,3.493552404
10991,1,20,-83.18273151,44.45847744,4.117131166
6207,1,1,-85.52096883,46.07725713,3.279900508
13531,1,16,-87.81424005,43.51418929,2.09368805
13953,1,10,-87.04981631,43.37929099,5.397590439
16236,1,15,-86.60015529,42.25513843,5.302381916
9610,1,15,-86.95988411,44.95310457,5.970586529
15059,1,6,-87.67934174,42.74976556,4.996662035
16837,1,16,-86.69008749,41.98534182,5.992362921
15986,1,12,-87.76927395,42.34507063,4.997470535
16028,1,27,-82.8230027,42.34507063,11.11986159
16929,1,15,-86.95988411,41.94037571,3.729271937
10180,1,6,-86.46525698,44.77324016,3.630199915
7799,1,3,-86.64512139,45.5376639,1.837940709
13974,1,20,-82.41830778,43.37929099,3.744000138
11882,1,12,-86.64512139,44.05378252,3.010639621
16238,1,14,-86.51022308,42.25513843,1.826970913
16927,1,15,-87.04981631,41.94037571,3.729448736
14733,1,10,-87.76927395,42.97459607,5.009471358
9482,1,7,-86.37532478,44.99807067,4.884829634
14662,1,14,-86.28539257,43.06452827,5.172711657
13687,1,10,-87.04981631,43.46922319,5.67712961
14608,1,14,-86.37532478,43.10949437,4.223847969
15681,1,14,-86.33035868,42.47996894,4.523299161
9069,1,3,-86.95988411,45.13296898,3.383782864
15922,1,27,-82.55320608,42.39003674,12.78378959
9345,1,7,-86.33035868,45.04303677,3.723058784
13695,1,15,-86.69008749,43.46922319,5.173334905
9609,1,15,-87.00485021,44.95310457,11.0588044
9888,1,15,-87.22968072,44.86317236,14.24437164
12825,1,21,-87.54444344,43.73901981,5.090205104
15653,1,19,-87.58940954,42.47996894,6.310641781
16110,1,13,-87.40954513,42.30010453,4.996256562
9090,1,6,-86.01559596,45.13296898,3.295646615
15537,1,4,-79.18074841,42.56990115,3.191198908
16029,1,27,-82.77803659,42.34507063,11.12038318
9486,1,6,-86.19546037,44.99807067,5.162501682
10315,1,6,-86.37532478,44.72827406,3.642047409
16101,1,12,-87.81424005,42.30010453,4.997860006
17210,1,13,-86.7800197,41.80547741,3.736821221
9352,1,6,-86.01559596,45.04303677,2.285389521
7511,1,3,-86.42029088,45.6275961,3.032814722
14734,1,10,-87.72430785,42.97459607,5.007591882
15177,1,14,-86.28539257,42.70479945,3.675622442
15919,1,27,-82.68810439,42.39003674,11.11417434
6405,1,1,-85.29613832,45.98732492,3.483094342
11885,1,13,-86.51022308,44.05378252,2.048673882
16033,1,27,-82.59817218,42.34507063,11.12256299
8243,1,7,-85.97062986,45.40276559,3.475390278
10052,1,7,-86.06056206,44.81820626,1.697205469
15232,1,6,-87.72430785,42.65983335,4.996896088
14199,1,10,-87.85920615,43.28935878,8.08438076
15693,1,27,-82.59817218,42.47996894,11.09719999
13674,1,16,-87.63437564,43.46922319,5.007987843
6821,1,1,-85.02634171,45.85242661,3.49216544
13298,1,10,-82.37334167,43.6041215,2.484303825
8827,1,7,-86.06056206,45.22290118,2.247727792
11443,1,20,-82.9129349,44.23364693,5.659248843
6795,1,3,-86.19546037,45.85242661,1.637722725
6814,1,1,-85.34110442,45.85242661,3.491454142
10181,1,6,-86.42029088,44.77324016,2.741222334
9072,1,3,-86.8249858,45.13296898,5.0080629
16926,1,15,-87.09478241,41.94037571,3.729541913
17121,1,13,-86.7800197,41.85044351,3.734433461
6816,1,1,-85.25117222,45.85242661,3.491641972
8248,1,6,-85.74579935,45.40276559,1.063578188
13265,1,10,-87.09478241,43.6041215,2.605455162
7077,1,1,-85.97062986,45.76249441,3.49579561
14453,1,14,-86.33035868,43.19942658,5.173612774
15439,1,6,-87.58940954,42.56990115,4.996475775
17276,1,14,-87.45451123,41.7605113,3.740553914
6812,1,1,-85.43103663,45.85242661,3.491278635
6412,1,1,-84.98137561,45.98732492,2.382966916
6535,1,1,-85.11627391,45.94235882,3.486321765
7359,1,3,-86.37532478,45.67256221,2.72823967
11258,1,20,-83.13776541,44.32357914,7.073758678
17103,1,13,-87.58940954,41.85044351,3.245917851
6513,1,3,-86.10552816,45.94235882,1.816540217
14780,1,10,-87.67934174,42.92962996,4.986900206
14449,1,14,-86.51022308,43.19942658,5.156706397
15338,1,6,-87.63437564,42.61486725,4.996569388
12965,1,16,-87.63437564,43.6940537,5.32818279
13951,1,10,-87.13974852,43.37929099,4.490349283
14850,1,6,-87.63437564,42.88466386,4.996456068
16205,1,4,-79.72034164,42.30010453,4.242593839
14202,1,10,-87.72430785,43.28935878,5.189699592
6664,1,1,-85.65586714,45.89739272,3.488003238
15639,1,4,-79.45054502,42.52493504,4.313026341
16150,1,10,-82.46327388,42.30010453,2.116365577
8402,1,6,-85.74579935,45.35779949,4.083066498
14450,1,13,-86.46525698,43.19942658,5.121577498
17289,1,14,-86.8699519,41.7605113,3.739606294
10053,1,7,-86.01559596,44.81820626,5.434340823
16944,1,27,-83.13776541,41.94037571,11.1918671
9215,1,7,-86.19546037,45.08800288,3.341471269
9328,1,3,-87.09478241,45.04303677,1.661608747
16740,1,15,-86.69008749,42.03030792,1.794476789
10551,1,12,-87.22968072,44.63834185,5.243004418
6512,1,3,-86.15049427,45.94235882,4.851412232
9354,1,6,-85.92566375,45.04303677,3.477622352
13559,1,13,-86.55518919,43.51418929,5.158521807
7094,1,1,-85.20620612,45.76249441,3.496796119
7938,1,3,-86.64512139,45.4926978,5.962296192
16930,1,15,-86.91491801,41.94037571,3.729188312
16327,1,13,-87.63437564,42.21017233,4.99688903
9751,1,12,-86.95988411,44.90813847,1.581878823
13546,1,10,-87.13974852,43.51418929,3.942746361
6948,1,1,-85.56593494,45.80746051,3.493672553
15908,1,14,-86.37532478,42.39003674,4.135403628
16333,1,13,-87.36457903,42.21017233,4.99617399
6824,1,1,-84.8914434,45.85242661,3.49251646
17367,1,13,-86.91491801,41.7155452,2.363536223
15981,1,4,-79.54047723,42.39003674,4.014641175
6817,1,1,-85.20620612,45.85242661,3.491740507
15747,1,4,-79.72034164,42.47996894,4.702649773
16239,1,14,-86.46525698,42.25513843,3.475138531
17493,1,14,-87.36457903,41.625613,3.747982771
16835,1,15,-86.7800197,41.98534182,3.7266804
15324,1,4,-79.22571451,42.65983335,5.060077944
6408,1,1,-85.16124002,45.98732492,3.483320413
11271,1,10,-82.55320608,44.32357914,2.584175837
14081,1,10,-87.22968072,43.33432489,5.255782241
15325,1,4,-79.18074841,42.65983335,5.305785471
17215,1,27,-83.45252813,41.80547741,2.274865853
6303,1,1,-85.29613832,46.03229102,3.480508508
14241,1,20,-82.28340947,43.28935878,4.928746017
15373,1,27,-82.77803659,42.61486725,10.42452873
6527,1,1,-85.47600273,45.94235882,3.485652963
15920,1,27,-82.64313829,42.39003674,13.09510565
13706,1,20,-82.41830778,43.46922319,4.66664532
16146,1,17,-82.64313829,42.30010453,3.709418729
16237,1,14,-86.55518919,42.25513843,5.30592693
14580,1,10,-87.63437564,43.10949437,5.009322834
12538,1,17,-87.54444344,43.82895201,5.238847943
17114,1,13,-87.09478241,41.85044351,3.734693505
8675,1,3,-86.7800197,45.26786728,5.930561629
15424,1,4,-79.40557892,42.61486725,5.124912895
16093,1,4,-79.72034164,42.34507063,4.300046821
17012,1,14,-87.40954513,41.89540961,3.732636198
15060,1,6,-87.63437564,42.74976556,4.996510388
16941,1,27,-83.27266372,41.94037571,4.742197787
14716,1,14,-86.28539257,43.01956217,5.172662714
16332,1,13,-87.40954513,42.21017233,4.996297577
12990,1,13,-86.51022308,43.6940537,3.41472951
14312,1,10,-87.67934174,43.24439268,5.007867315
14714,1,13,-86.37532478,43.01956217,5.15513204
10182,1,6,-86.37532478,44.77324016,3.834197899
11091,1,20,-82.59817218,44.41351134,6.068939463
17288,1,14,-86.91491801,41.7605113,3.739660129
17118,1,13,-86.91491801,41.85044351,3.734525925
15014,1,15,-86.42029088,42.79473166,5.168096637
6823,1,1,-84.9364095,45.85242661,3.492396375
9747,1,15,-87.13974852,44.90813847,7.721555335
16354,1,14,-86.42029088,42.21017233,2.042648597
16945,1,27,-83.09279931,41.94037571,5.378726093
8838,1,7,-85.56593494,45.22290118,2.27237707
16924,1,15,-87.18471462,41.94037571,3.729737829
9467,1,15,-87.04981631,44.99807067,5.764217274
10691,1,20,-83.09279931,44.59337575,7.050184999
11668,1,20,-83.04783321,44.14371473,7.213291205
10800,1,10,-83.0028671,44.54840965,1.008840356
16641,1,14,-86.51022308,42.07527402,3.920105437
14575,1,10,-87.85920615,43.10949437,5.010391785
15796,1,14,-86.28539257,42.43500284,5.071657074
12682,1,17,-87.63437564,43.78398591,5.559152643
17371,1,27,-83.45252813,41.7155452,5.293385176
12685,1,17,-87.49947734,43.78398591,5.240634844
11863,1,17,-87.49947734,44.05378252,5.059425449
13965,1,13,-86.51022308,43.37929099,5.157657722
13570,1,20,-82.37334167,43.51418929,7.532109706
6678,1,1,-85.02634171,45.89739272,3.489044964
17122,1,13,-86.7350536,41.85044351,3.734408961
7086,1,1,-85.56593494,45.76249441,3.496214125
8224,1,3,-86.8249858,45.40276559,3.032094949
9468,1,15,-87.00485021,44.99807067,4.496257985
9908,1,6,-86.33035868,44.86317236,2.236713002
10027,1,15,-87.18471462,44.81820626,9.73551744
12273,1,12,-86.55518919,43.91888422,4.996083985
15224,1,4,-79.0458501,42.70479945,3.696862388
12844,1,12,-86.69008749,43.73901981,4.995695465
13948,1,10,-87.27464682,43.37929099,3.572901533
6809,1,1,-85.56593494,45.85242661,3.491038488
9495,1,7,-85.79076545,44.99807067,5.168712343
11221,1,17,-87.31961293,44.32357914,5.062228049
14071,1,22,-87.67934174,43.33432489,4.691437893
9196,1,3,-87.04981631,45.08800288,2.111737993
11335,1,5,-86.37532478,44.27861303,5.051706571
16942,1,27,-83.22769762,41.94037571,11.19080224
15233,1,6,-87.67934174,42.65983335,4.996704212
13938,1,16,-87.72430785,43.37929099,5.348277301
15810,1,27,-82.55320608,42.43500284,11.10714777
11553,1,20,-83.04783321,44.18868083,7.013817288
14499,1,10,-87.76927395,43.15446048,5.009474395
13840,1,20,-82.37334167,43.42425709,7.129874859
15423,1,4,-79.45054502,42.61486725,4.888778594
6400,1,1,-85.52096883,45.98732492,3.482779225
17286,1,14,-87.00485021,41.7605113,3.739777315
8836,1,6,-85.65586714,45.22290118,2.785048692
9351,1,6,-86.06056206,45.04303677,5.234883186
9635,1,7,-85.83573155,44.95310457,3.955617379
17432,1,14,-87.09478241,41.6705791,3.7450991
11516,1,29,-87.31961293,44.18868083,5.040214589
13936,1,16,-87.81424005,43.37929099,5.150097284
9622,1,7,-86.42029088,44.95310457,5.442381809
11047,1,17,-87.27464682,44.41351134,5.062649705
14905,1,4,-78.9109518,42.88466386,2.675234003
15326,1,4,-79.13578231,42.65983335,3.941808321
17039,1,27,-83.13776541,41.89540961,2.895903369
16943,1,27,-83.18273151,41.94037571,11.19133
13433,1,20,-82.37334167,43.5591554,7.117455595
13711,1,10,-82.19347726,43.46922319,1.109391102
16620,1,13,-87.45451123,42.07527402,4.996527627
15148,1,6,-87.58940954,42.70479945,4.996418953
16848,1,27,-83.04783321,41.98534182,8.247543403
8082,1,3,-86.64512139,45.44773169,2.02048774
13682,1,10,-87.27464682,43.46922319,4.154471139
10448,1,4,-86.28539257,44.68330795,1.67332509
9466,1,15,-87.09478241,44.99807067,6.95486207
14497,1,10,-87.85920615,43.15446048,5.010392675
15906,1,14,-86.46525698,42.39003674,4.504803966
14781,1,10,-87.63437564,42.92962996,5.025212808
8965,1,6,-85.70083324,45.17793508,2.489597245
14811,1,14,-86.28539257,42.92962996,5.154510645
16215,1,13,-87.54444344,42.25513843,4.996632532
9765,1,6,-86.33035868,44.90813847,3.729347289
10047,1,6,-86.28539257,44.81820626,2.703967295
6670,1,1,-85.38607053,45.89739272,3.488375686
9227,1,7,-85.65586714,45.08800288,2.242255801
14911,1,6,-87.76927395,42.83969776,4.996749514
9746,1,15,-87.18471462,44.90813847,16.01530177
10049,1,6,-86.19546037,44.81820626,4.036626697
11136,1,17,-87.40954513,44.36854524,4.318006253
13397,1,16,-87.67934174,43.5591554,5.282647473
14732,1,10,-87.81424005,42.97459607,10.02030353
6667,1,1,-85.52096883,45.89739272,3.488175577
15651,1,18,-87.67934174,42.47996894,5.585570276
15680,1,14,-86.37532478,42.47996894,5.304147943
8545,1,7,-85.88069765,45.31283339,3.874578825
14847,1,6,-87.76927395,42.88466386,4.996729894
14914,1,6,-87.63437564,42.83969776,4.996473655
13418,1,15,-86.7350536,43.5591554,3.06867887
13536,1,16,-87.58940954,43.51418929,5.327730854
15910,1,14,-86.28539257,42.39003674,5.307945701
15652,1,19,-87.63437564,42.47996894,6.365645915
10690,1,20,-83.13776541,44.59337575,7.050627013
13976,1,20,-82.32837557,43.37929099,7.538133838
10959,1,17,-87.40954513,44.45847744,7.093026662
8962,1,6,-85.83573155,45.17793508,4.020352219
9916,1,7,-85.97062986,44.86317236,5.046692756
7653,1,3,-86.60015529,45.58263,1.490776755
6659,1,1,-85.88069765,45.89739272,3.487777761
7655,1,3,-86.51022308,45.58263,2.652635677
10799,1,20,-83.04783321,44.54840965,7.052668503
11241,1,4,-86.42029088,44.32357914,4.603200455
16144,1,17,-82.73307049,42.30010453,3.709034041
16422,1,12,-87.67934174,42.16520623,4.997126782
16645,1,17,-83.18273151,42.07527402,2.201770126
15375,1,27,-82.68810439,42.61486725,11.07341115
12421,1,13,-86.51022308,43.87391811,4.995335541
16931,1,15,-86.8699519,41.94037571,3.729107868
11739,1,17,-87.45451123,44.09874862,5.235198342
15138,1,4,-79.000884,42.74976556,4.578464823
6411,1,1,-85.02634171,45.98732492,3.483574218
7360,1,3,-86.33035868,45.67256221,5.464443146
14502,1,10,-87.63437564,43.15446048,5.009326032
6807,1,1,-85.65586714,45.85242661,3.490893806
9607,1,15,-87.09478241,44.95310457,8.839270952
16035,1,27,-82.50823998,42.34507063,13.39358169
10051,1,6,-86.10552816,44.81820626,5.410477676
10185,1,6,-86.24042647,44.77324016,5.195752319
10429,1,12,-87.13974852,44.68330795,5.527027518
14913,1,6,-87.67934174,42.83969776,4.996621984
17207,1,13,-86.91491801,41.80547741,3.737014369
15574,1,14,-86.37532478,42.52493504,3.037051411
11259,1,20,-83.09279931,44.32357914,7.017879171
9762,1,7,-86.46525698,44.90813847,4.856191363
13560,1,14,-86.51022308,43.51418929,5.158706854
15425,1,4,-79.36061282,42.61486725,3.865623915
15477,1,27,-82.68810439,42.56990115,11.07959371
6526,1,1,-85.52096883,45.94235882,3.485583231
7803,1,3,-86.46525698,45.5376639,4.514668114
10319,1,6,-86.19546037,44.72827406,3.910450435
15053,1,4,-78.9109518,42.79473166,5.380501067
16241,1,14,-86.37532478,42.25513843,3.334991803
17284,1,14,-87.09478241,41.7605113,3.739907199
10553,1,12,-87.13974852,44.63834185,1.611979747
17299,1,27,-83.31762982,41.7605113,11.2206571
15176,1,14,-86.33035868,42.70479945,5.310397882
14809,1,13,-86.37532478,42.92962996,3.725204774
8227,1,3,-86.69008749,45.40276559,2.03695742
7085,1,1,-85.61090104,45.76249441,3.496155264
9483,1,7,-86.33035868,44.99807067,1.705278189
13950,1,10,-87.18471462,43.37929099,4.785718592
8699,1,6,-85.70083324,45.26786728,5.110802535
14530,1,14,-86.37532478,43.15446048,5.156169904
13412,1,10,-87.00485021,43.5591554,2.895231515
17434,1,14,-87.00485021,41.6705791,1.418607485
6963,1,1,-84.8914434,45.80746051,3.494966919
16013,1,15,-86.55518919,42.34507063,5.303238852
9488,1,6,-86.10552816,44.99807067,4.063069899
11173,1,20,-83.04783321,44.36854524,7.334995951
13251,1,16,-87.72430785,43.6041215,7.647817675
13296,1,20,-82.46327388,43.6041215,7.134924649
15372,1,27,-82.8230027,42.61486725,2.704836561
9911,1,6,-86.19546037,44.86317236,5.03509567
8098,1,7,-85.92566375,45.44773169,2.258183739
8694,1,7,-85.92566375,45.26786728,2.644713467
11137,1,17,-87.36457903,44.36854524,4.597096552
15335,1,6,-87.76927395,42.61486725,9.35136411
15547,1,6,-87.58940954,42.52493504,4.996495747
13128,1,15,-86.64512139,43.6490876,5.003951339
10163,1,15,-87.22968072,44.77324016,9.766479962
12988,1,12,-86.60015529,43.6940537,4.995969652
12540,1,17,-87.45451123,43.82895201,4.989999132
13557,1,14,-86.64512139,43.51418929,3.174058541
14419,1,10,-87.85920615,43.19942658,5.010393831
14715,1,14,-86.33035868,43.01956217,5.155315174
16015,1,14,-86.46525698,42.34507063,2.263989916
9068,1,3,-87.00485021,45.13296898,2.591094526
14910,1,6,-87.81424005,42.83969776,5.010253312
15683,1,14,-86.24042647,42.47996894,3.307218808
6403,1,1,-85.38607053,45.98732492,3.482959042
16328,1,13,-87.58940954,42.21017233,4.996859584
10911,1,20,-82.55320608,44.50344355,4.556077039
12275,1,13,-86.46525698,43.91888422,4.99475615
15643,1,4,-79.27068061,42.52493504,2.692494579
16017,1,14,-86.37532478,42.34507063,5.302537579
6825,1,1,-84.8464773,45.85242661,3.492639621
8811,1,3,-86.7800197,45.22290118,1.850433778
7079,1,1,-85.88069765,45.76249441,3.495866976
15584,1,27,-82.73307049,42.52493504,14.73151223
15916,1,27,-82.8230027,42.39003674,11.11255043
7652,1,3,-86.64512139,45.58263,4.50612377
15546,1,6,-87.63437564,42.52493504,4.996611324
13549,1,10,-87.00485021,43.51418929,4.280752309
13805,1,16,-87.63437564,43.42425709,5.326848963
12117,1,17,-87.58940954,43.96385032,7.896584573
16106,1,13,-87.58940954,42.30010453,4.996818793
6957,1,1,-85.16124002,45.80746051,3.494365945
11665,1,20,-83.18273151,44.14371473,4.609549536
13421,1,13,-86.60015529,43.5591554,2.557678725
6520,1,1,-85.79076545,45.94235882,3.485229616
15322,1,4,-79.31564672,42.65983335,5.671492578
6305,1,1,-85.20620612,46.03229102,3.480686836
10318,1,6,-86.24042647,44.72827406,2.959238486
11243,1,5,-86.33035868,44.32357914,5.202021754
10662,1,17,-87.18471462,44.59337575,5.178614471
14851,1,6,-87.58940954,42.88466386,4.996350399
6306,1,1,-85.16124002,46.03229102,3.480780618
6532,1,1,-85.25117222,45.94235882,3.486047857
13106,1,16,-87.63437564,43.6490876,5.341554334
10426,1,15,-87.27464682,44.68330795,7.879887213
8230,1,3,-86.55518919,45.40276559,2.544309909
9225,1,6,-85.74579935,45.08800288,3.071238219
14099,1,14,-86.42029088,43.33432489,4.513032754
15225,1,4,-79.000884,42.70479945,2.416301477
9907,1,6,-86.37532478,44.86317236,4.862419676
6815,1,1,-85.29613832,45.85242661,3.491546516
15868,1,4,-79.58544333,42.43500284,4.215632286
8960,1,6,-85.92566375,45.17793508,3.191909277
15261,1,15,-86.42029088,42.65983335,5.305827252
8961,1,6,-85.88069765,45.17793508,3.41811135
11273,1,20,-82.46327388,44.32357914,7.065591984
14527,1,14,-86.51022308,43.15446048,5.156659047
9485,1,7,-86.24042647,44.99807067,2.356814439
16846,1,27,-83.13776541,41.98534182,11.18148753
10788,1,4,-86.33035868,44.54840965,4.433936329
15808,1,27,-82.64313829,42.43500284,11.76800884
16820,1,15,-87.45451123,41.98534182,3.727692089
6951,1,1,-85.43103663,45.80746051,3.493875924
7081,1,1,-85.79076545,45.76249441,3.495950711
9489,1,6,-86.06056206,44.99807067,3.480097801
16845,1,27,-83.18273151,41.98534182,11.18102213
7656,1,3,-86.46525698,45.58263,3.350182351
12872,1,20,-82.46327388,43.73901981,7.117290977
14763,1,14,-86.42029088,42.97459607,5.155041925
17025,1,14,-86.8249858,41.89540961,3.731708051
16817,1,15,-87.58940954,41.98534182,3.727980283
16917,1,15,-87.49947734,41.94037571,3.73052408
14944,1,14,-86.28539257,42.83969776,2.913696046
15765,1,12,-87.67934174,42.43500284,4.996992419
6966,1,1,-84.75654509,45.80746051,3.344673136
13952,1,10,-87.09478241,43.37929099,1.669814535
14068,1,22,-87.81424005,43.33432489,5.097781929
15231,1,6,-87.76927395,42.65983335,4.996833142
17026,1,14,-86.7800197,41.89540961,3.731658873
14526,1,15,-86.55518919,43.15446048,5.170725448
6793,1,3,-86.28539257,45.85242661,3.777273747
10797,1,20,-83.13776541,44.54840965,7.053536832
8084,1,3,-86.55518919,45.44773169,3.817533369
7078,1,1,-85.92566375,45.76249441,3.495829747
15137,1,4,-79.0458501,42.74976556,4.315693029
15091,1,14,-86.24042647,42.74976556,7.157942979
16847,1,27,-83.09279931,41.98534182,11.18196229
12249,1,17,-87.63437564,43.91888422,1.32973351
7069,1,3,-86.33035868,45.76249441,3.854072772
9199,1,3,-86.91491801,45.08800288,1.24738091
13533,1,16,-87.72430785,43.51418929,5.326411551
14203,1,10,-87.67934174,43.28935878,2.744391759
15369,1,14,-86.24042647,42.61486725,5.305237368
17280,1,14,-87.27464682,41.7605113,3.740205099
15144,1,6,-87.76927395,42.70479945,4.996811463
17117,1,13,-86.95988411,41.85044351,3.734563072
6792,1,3,-86.33035868,45.85242661,2.231156081
9624,1,7,-86.33035868,44.95310457,5.224833458
11078,1,20,-83.18273151,44.41351134,5.242795998
15146,1,6,-87.67934174,42.70479945,4.996682857
15865,1,4,-79.72034164,42.43500284,5.639467073
13831,1,14,-86.46525698,43.42425709,5.157889133
9625,1,7,-86.28539257,44.95310457,2.58557529
12401,1,17,-87.40954513,43.87391811,5.238417458
13434,1,10,-82.32837557,43.5591554,3.841467406
11780,1,20,-83.09279931,44.09874862,5.197066822
15994,1,13,-87.40954513,42.34507063,4.996236836
11551,1,20,-83.13776541,44.18868083,7.013835994
11135,1,17,-87.45451123,44.36854524,7.649226951
15545,1,6,-87.67934174,42.52493504,4.996771468
11667,1,20,-83.09279931,44.14371473,7.028098016
15751,1,4,-79.54047723,42.47996894,5.635715142
13954,1,10,-87.00485021,43.37929099,4.123076278
9198,1,3,-86.95988411,45.08800288,4.732590393
10657,1,17,-87.40954513,44.59337575,5.20277945
15088,1,15,-86.37532478,42.74976556,8.613461454
14631,1,10,-87.67934174,43.06452827,5.007861153
8225,1,3,-86.7800197,45.40276559,2.956457448
12122,1,17,-87.36457903,43.96385032,3.952250312
17425,1,14,-87.40954513,41.6705791,3.745555456
9492,1,6,-85.92566375,44.99807067,2.681271585
16428,1,13,-87.40954513,42.16520623,4.996318866
14096,1,14,-86.55518919,43.33432489,5.157567137
6813,1,1,-85.38607053,45.85242661,3.491364847
11353,1,10,-82.957901,44.27861303,3.839607097
17363,1,13,-87.09478241,41.7155452,3.742439378
16213,1,13,-87.63437564,42.25513843,4.996866409
10167,1,12,-87.04981631,44.77324016,1.554252382
10897,1,20,-83.18273151,44.50344355,4.212280679
14339,1,13,-86.46525698,43.24439268,5.156796891
17359,1,13,-87.27464682,41.7155452,3.742849328
17021,1,14,-87.00485021,41.89540961,3.731936464
16107,1,13,-87.54444344,42.30010453,4.996613036
6933,1,3,-86.24042647,45.80746051,1.891198581
16036,1,27,-82.46327388,42.34507063,11.094408
7509,1,3,-86.51022308,45.6275961,5.316585848
11440,1,20,-83.04783321,44.23364693,7.358039485
8964,1,6,-85.74579935,45.17793508,5.123341885
6304,1,1,-85.25117222,46.03229102,3.480596132
8247,1,7,-85.79076545,45.40276559,5.181544697
13709,1,20,-82.28340947,43.46922319,7.384412254
17427,1,14,-87.31961293,41.6705791,3.745409184
16748,1,27,-83.09279931,42.03030792,9.625120416
9329,1,3,-87.04981631,45.04303677,4.351484593
17109,1,13,-87.31961293,41.85044351,3.734974275
10050,1,6,-86.15049427,44.81820626,2.87409876
11669,1,20,-83.0028671,44.14371473,5.913472257
13419,1,15,-86.69008749,43.5591554,2.105205997
6944,1,1,-85.74579935,45.80746051,3.493444607
6680,1,1,-84.9364095,45.89739272,3.489243094
9097,1,6,-85.70083324,45.13296898,4.370227296
6952,1,1,-85.38607053,45.80746051,3.493949885
10992,1,20,-83.13776541,44.45847744,7.062205492
15269,1,27,-82.77803659,42.65983335,4.036768523
15426,1,4,-79.31564672,42.61486725,4.986199421
7092,1,1,-85.29613832,45.76249441,3.49663211
8807,1,3,-86.95988411,45.22290118,4.627822888
10581,1,20,-83.09279931,44.63834185,7.286318179
13670,1,16,-87.81424005,43.46922319,6.356330491
15654,1,13,-87.54444344,42.47996894,4.27951149
14578,1,10,-87.72430785,43.10949437,5.007591583
15530,1,4,-79.49551113,42.56990115,5.102625335
8825,1,7,-86.15049427,45.22290118,3.765362879
8083,1,3,-86.60015529,45.44773169,4.379113214
10572,1,4,-86.28539257,44.63834185,5.199787897
17113,1,13,-87.13974852,41.85044351,3.734743318
17356,1,13,-87.40954513,41.7155452,3.74319033
11866,1,17,-87.36457903,44.05378252,5.087622146
11779,1,20,-83.13776541,44.09874862,7.200412835
7940,1,3,-86.55518919,45.4926978,4.023324291
6522,1,1,-85.70083324,45.94235882,3.485335146
11742,1,17,-87.31961293,44.09874862,5.23994931
14324,1,10,-87.13974852,43.24439268,2.698218485
13275,1,14,-86.64512139,43.6041215,5.159298411
17036,1,27,-83.27266372,41.89540961,14.66333849
6945,1,1,-85.70083324,45.80746051,3.493496962
9332,1,3,-86.91491801,45.04303677,5.932235522
9087,1,7,-86.15049427,45.13296898,2.165984504
15018,1,14,-86.24042647,42.79473166,9.098194077
11978,1,17,-87.58940954,44.00881642,2.941998762
14945,1,14,-86.24042647,42.83969776,2.240413044
16723,1,13,-87.45451123,42.03030792,4.643950848
16092,1,4,-79.76530774,42.34507063,4.219685398
13955,1,10,-86.95988411,43.37929099,1.680350697
9769,1,6,-86.15049427,44.90813847,5.432650516
15771,1,13,-87.40954513,42.43500284,2.941989324
10659,1,17,-87.31961293,44.59337575,5.204287048
11422,1,4,-86.46525698,44.23364693,2.013394721
16935,1,15,-86.69008749,41.94037571,3.728817877
13545,1,10,-87.18471462,43.51418929,1.837801791
9091,1,6,-85.97062986,45.13296898,4.399713775
17297,1,27,-83.40756203,41.7605113,11.2197952
14806,1,15,-86.51022308,42.92962996,1.071336587
16826,1,15,-87.18471462,41.98534182,3.727201666
16528,1,13,-87.40954513,42.12024012,4.996340676
14501,1,10,-87.67934174,43.15446048,5.00786367
16646,1,17,-83.13776541,42.07527402,3.642682578
9331,1,3,-86.95988411,45.04303677,1.708104753
11632,1,17,-87.27464682,44.14371473,1.009889157
14661,1,14,-86.33035868,43.06452827,5.155362008
6211,1,1,-85.34110442,46.07725713,3.47746757
11737,1,17,-87.54444344,44.09874862,4.512049722
6663,1,1,-85.70083324,45.89739272,3.487951966
16936,1,15,-86.64512139,41.94037571,3.728753319
12966,1,16,-87.58940954,43.6940537,5.324578222
14084,1,10,-87.09478241,43.33432489,5.76767162
10334,1,20,-83.13776541,44.72827406,3.668522287
16746,1,27,-83.18273151,42.03030792,8.216310565
8379,1,3,-86.7800197,45.35779949,4.794570761
13400,1,16,-87.54444344,43.5591554,5.24397171
13414,1,10,-86.91491801,43.5591554,5.774380178
16925,1,15,-87.13974852,41.94037571,3.729638277
6524,1,1,-85.61090104,45.94235882,3.485453019
12536,1,17,-87.63437564,43.82895201,10.46867071
10044,1,6,-86.42029088,44.81820626,5.463569739
15323,1,4,-79.27068061,42.65983335,5.637366147
12417,1,12,-86.69008749,43.87391811,4.995722506
11670,1,20,-82.957901,44.14371473,5.47743434
14766,1,14,-86.28539257,42.97459607,1.785561118
7798,1,3,-86.69008749,45.5376639,4.156850522
10162,1,15,-87.27464682,44.77324016,12.2996114
17019,1,14,-87.09478241,41.89540961,3.732069709
9221,1,6,-85.92566375,45.08800288,5.397909827
6519,1,1,-85.83573155,45.94235882,3.485181482
8381,1,3,-86.69008749,45.35779949,5.129163912
16640,1,14,-86.55518919,42.07527402,4.448738267
7101,1,1,-84.8914434,45.76249441,3.497467256
8936,1,3,-87.00485021,45.17793508,5.077860558
7096,1,1,-85.11627391,45.76249441,3.496972462
15544,1,6,-87.72430785,42.52493504,4.996968401
11402,1,17,-87.36457903,44.23364693,5.059570407
13120,1,10,-87.00485021,43.6490876,1.568965441
12848,1,13,-86.51022308,43.73901981,4.995296738
15637,1,4,-79.54047723,42.52493504,4.32073281
15262,1,14,-86.37532478,42.65983335,1.658405312
14067,1,22,-87.85920615,43.33432489,10.07032124
7066,1,3,-86.46525698,45.76249441,2.535708994
14881,1,14,-86.24042647,42.88466386,3.947178749
15813,1,27,-82.41830778,42.43500284,5.834758403
14986,1,6,-87.67934174,42.79473166,4.996641743
9348,1,7,-86.19546037,45.04303677,2.083459097
14214,1,10,-87.18471462,43.28935878,4.166855445
15464,1,15,-86.46525698,42.56990115,5.304927251
16933,1,15,-86.7800197,41.94037571,3.728956518
12986,1,12,-86.69008749,43.6940537,4.99568753
16831,1,15,-86.95988411,41.98534182,3.726880362
9330,1,3,-87.00485021,45.04303677,4.269888485
12250,1,17,-87.58940954,43.91888422,9.140221078
16204,1,4,-79.76530774,42.30010453,2.073263398
6805,1,1,-85.74579935,45.85242661,3.490761462
14579,1,10,-87.67934174,43.10949437,5.007862271
9750,1,15,-87.00485021,44.90813847,5.721482328
15321,1,4,-79.36061282,42.65983335,4.179293364
15696,1,27,-82.46327388,42.47996894,7.401357451
16544,1,15,-86.69008749,42.12024012,4.019282912
12849,1,13,-86.46525698,43.73901981,1.333473442
16026,1,27,-82.9129349,42.34507063,5.274530493
9484,1,7,-86.28539257,44.99807067,5.438975078
11315,1,17,-87.27464682,44.27861303,5.062129889
15430,1,4,-79.13578231,42.61486725,4.531073799
15690,1,27,-82.73307049,42.47996894,11.09951327
8522,1,3,-86.91491801,45.31283339,2.218068127
15650,1,18,-87.72430785,42.47996894,2.754693938
14500,1,10,-87.72430785,43.15446048,5.007592057
14778,1,10,-87.76927395,42.92962996,5.019339022
13104,1,16,-87.72430785,43.6490876,6.106128369
11334,1,4,-86.42029088,44.27861303,5.197270464
14351,1,20,-82.32837557,43.24439268,7.451771756
11314,1,17,-87.31961293,44.27861303,5.062248923
13547,1,10,-87.09478241,43.51418929,5.35541514
14764,1,13,-86.37532478,42.97459607,5.155085031
16128,1,15,-86.60015529,42.30010453,4.945621906
7658,1,3,-86.37532478,45.58263,1.158505264
8541,1,7,-86.06056206,45.31283339,5.402909564
8963,1,6,-85.79076545,45.17793508,2.60200377
12399,1,17,-87.49947734,43.87391811,4.866135981
13012,1,20,-82.46327388,43.6940537,7.120197218
15677,1,15,-86.51022308,42.47996894,5.30404
12686,1,17,-87.45451123,43.78398591,5.237641907
16725,1,13,-87.36457903,42.03030792,4.996247679
6822,1,1,-84.98137561,45.85242661,3.492279369
13295,1,10,-82.50823998,43.6041215,2.588694376
8245,1,7,-85.88069765,45.40276559,4.764102148
13252,1,16,-87.67934174,43.6041215,5.327290504
10661,1,17,-87.22968072,44.59337575,5.29974797
6672,1,1,-85.29613832,45.89739272,3.488524512
13270,1,10,-86.8699519,43.6041215,3.688139174
14498,1,10,-87.81424005,43.15446048,5.010114526
6820,1,1,-85.07130781,45.85242661,3.492054589
13830,1,13,-86.51022308,43.42425709,3.530868191
14779,1,10,-87.72430785,42.92962996,4.988769331
10692,1,20,-83.04783321,44.59337575,3.015567065
12964,1,16,-87.67934174,43.6940537,6.831414882
15583,1,27,-82.77803659,42.52493504,11.08916302
14988,1,6,-87.58940954,42.79473166,4.996383647
17429,1,14,-87.22968072,41.6705791,3.745275625
15061,1,6,-87.58940954,42.74976556,4.996401042
15135,1,4,-79.13578231,42.74976556,4.149968408
6406,1,1,-85.25117222,45.98732492,3.483166617
15145,1,6,-87.72430785,42.70479945,4.996873069
14200,1,10,-87.81424005,43.28935878,3.701957323
10768,1,17,-87.22968072,44.54840965,4.224489202
17362,1,13,-87.13974852,41.7155452,3.742537078
15174,1,15,-86.42029088,42.70479945,1.08941529
9630,1,6,-86.06056206,44.95310457,2.433769322
11999,1,12,-86.64512139,44.00881642,4.99563259
13827,1,15,-86.64512139,43.42425709,3.660836878
13395,1,16,-87.76927395,43.5591554,6.247208766
13410,1,10,-87.09478241,43.5591554,2.50360402
6675,1,1,-85.16124002,45.89739272,3.488770872
11081,1,20,-83.04783321,44.41351134,6.479445257
6539,1,1,-84.9364095,45.94235882,2.566036617
13431,1,20,-82.46327388,43.5591554,7.131748476
6930,1,3,-86.37532478,45.80746051,1.946742874
8542,1,7,-86.01559596,45.31283339,2.619219944
16844,1,27,-83.22769762,41.98534182,5.517008672
11983,1,17,-87.36457903,44.00881642,5.239146371
15327,1,4,-79.0908162,42.65983335,5.224894624
15867,1,4,-79.63040943,42.43500284,5.094293454
7090,1,1,-85.38607053,45.76249441,3.496480438
9763,1,7,-86.42029088,44.90813847,2.481948661
6950,1,1,-85.47600273,45.80746051,3.493805048
16638,1,14,-86.64512139,42.07527402,4.952008097
8937,1,3,-86.95988411,45.17793508,3.057553294
7512,1,3,-86.37532478,45.6275961,5.160632016
11515,1,29,-87.36457903,44.18868083,4.927742708
15988,1,12,-87.67934174,42.34507063,4.997035264
10866,1,17,-87.36457903,44.50344355,5.061235093
16034,1,27,-82.55320608,42.34507063,13.15906008
15918,1,27,-82.73307049,42.39003674,11.11362369
11629,1,17,-87.40954513,44.14371473,4.765343592
16352,1,14,-86.51022308,42.21017233,5.301523033
16522,1,12,-87.67934174,42.12024012,4.997150877
8957,1,7,-86.06056206,45.17793508,5.403967814
15528,1,4,-79.58544333,42.56990115,4.536140955
16616,1,13,-87.63437564,42.07527402,4.996959845
12418,1,12,-86.64512139,43.87391811,4.995596875
6808,1,1,-85.61090104,45.85242661,3.490964605
8693,1,7,-85.97062986,45.26786728,3.964432068
16840,1,15,-86.55518919,41.98534182,1.017033931
16940,1,27,-83.31762982,41.94037571,4.489880721
16527,1,13,-87.45451123,42.12024012,4.996507002
15767,1,13,-87.58940954,42.43500284,4.996761209
12683,1,17,-87.58940954,43.78398591,5.23296057
15533,1,4,-79.36061282,42.56990115,5.762210613
11881,1,12,-86.69008749,44.05378252,4.010551888
8966,1,6,-85.65586714,45.17793508,5.34239895
15866,1,4,-79.67537553,42.43500284,4.670132055
17104,1,13,-87.54444344,41.85044351,3.73533441
14656,1,15,-86.55518919,43.06452827,2.381743535
12822,1,21,-87.67934174,43.73901981,5.93078258
14682,1,10,-87.81424005,43.01956217,10.02030338
6300,1,1,-85.43103663,46.03229102,3.48026411
9098,1,7,-85.65586714,45.13296898,3.136858289
6679,1,1,-84.98137561,45.89739272,3.489142489
16105,1,13,-87.63437564,42.30010453,4.996844281
6949,1,1,-85.52096883,45.80746051,3.493737258
15436,1,6,-87.72430785,42.56990115,4.996943754
15265,1,14,-86.24042647,42.65983335,5.198053969
15051,1,4,-79.000884,42.79473166,4.707389896
12141,1,13,-86.51022308,43.96385032,4.995364034
11513,1,29,-87.45451123,44.18868083,4.945262633
7099,1,1,-84.98137561,45.76249441,3.497260094
15634,1,4,-79.67537553,42.52493504,5.572162218
17196,1,13,-87.40954513,41.80547741,3.737967476
17208,1,13,-86.8699519,41.80547741,3.736946811
13700,1,14,-86.46525698,43.46922319,3.626129356
8831,1,6,-85.88069765,45.22290118,2.310734824
12560,1,12,-86.55518919,43.82895201,1.903116495
10790,1,5,-86.24042647,44.54840965,5.203725523
11313,1,17,-87.36457903,44.27861303,5.059547543
12558,1,12,-86.64512139,43.82895201,4.995586039
15468,1,14,-86.28539257,42.56990115,4.877508352
13816,1,10,-87.13974852,43.42425709,3.318087019
8959,1,6,-85.97062986,45.17793508,4.504375366
16131,1,14,-86.46525698,42.30010453,5.302385326
16547,1,14,-86.55518919,42.12024012,5.300673381
9224,1,6,-85.79076545,45.08800288,3.579703412
10028,1,15,-87.13974852,44.81820626,9.528795569
13013,1,20,-82.41830778,43.6940537,4.60127793
17195,1,13,-87.45451123,41.80547741,3.738073246
17216,1,27,-83.40756203,41.80547741,11.21376351
10909,1,20,-82.64313829,44.50344355,3.562243179
14628,1,10,-87.81424005,43.06452827,9.622759189
11257,1,20,-83.18273151,44.32357914,4.919125149
9226,1,7,-85.70083324,45.08800288,4.385777079
7942,1,3,-86.46525698,45.4926978,1.825777592
9222,1,6,-85.88069765,45.08800288,2.383090636
11441,1,20,-83.0028671,44.23364693,7.318122487
7213,1,3,-86.42029088,45.71752831,4.662375294
14106,1,20,-82.41830778,43.33432489,3.913794137
15475,1,27,-82.77803659,42.56990115,11.89735132
8546,1,6,-85.83573155,45.31283339,3.797688096
16217,1,13,-87.45451123,42.25513843,4.996448053
15374,1,27,-82.73307049,42.61486725,11.07285494
14877,1,14,-86.42029088,42.88466386,4.434731258
15178,1,14,-86.24042647,42.70479945,1.630603397
14227,1,15,-86.60015529,43.28935878,5.155113003
16914,1,15,-87.63437564,41.94037571,1.593671601
6959,1,1,-85.07130781,45.80746051,3.494553946
11045,1,17,-87.36457903,44.41351134,5.061273679
6953,1,1,-85.34110442,45.80746051,3.49402693
9084,1,7,-86.28539257,45.13296898,5.102228995
13551,1,10,-86.91491801,43.51418929,1.901414783
6661,1,1,-85.79076545,45.89739272,3.487858685
10552,1,12,-87.18471462,44.63834185,5.096583445
6932,1,3,-86.28539257,45.80746051,4.122524131
14882,1,14,-86.19546037,42.88466386,1.224408793
15904,1,15,-86.55518919,42.39003674,5.303165473
9761,1,7,-86.51022308,44.90813847,1.7260252
15641,1,4,-79.36061282,42.52493504,4.038551114
6399,1,1,-85.56593494,45.98732492,3.482725457
7508,1,3,-86.55518919,45.6275961,1.156437758
9089,1,6,-86.06056206,45.13296898,3.309792139
11741,1,17,-87.36457903,44.09874862,5.24294326
15806,1,27,-82.73307049,42.43500284,11.10719156
16324,1,12,-87.76927395,42.21017233,4.997537253
10982,1,4,-86.37532478,44.45847744,1.94491397
6536,1,1,-85.07130781,45.94235882,3.486419227
6796,1,3,-86.15049427,45.85242661,5.730128604
6942,1,1,-85.83573155,45.80746051,3.493349165
11183,1,10,-82.59817218,44.36854524,3.888936207
13803,1,16,-87.72430785,43.42425709,5.321944403
6676,1,1,-85.11627391,45.89739272,3.488859155
9347,1,7,-86.24042647,45.04303677,4.506227388
15925,1,27,-82.41830778,42.39003674,6.277932158
17495,1,14,-87.27464682,41.625613,3.747816071
16836,1,16,-86.7350536,41.98534182,6.570339171
13422,1,13,-86.55518919,43.5591554,2.60125004
6531,1,1,-85.29613832,45.94235882,3.485962715
8401,1,6,-85.79076545,45.35779949,2.542245486
11349,1,20,-83.13776541,44.27861303,7.076654224
11069,1,5,-86.28539257,44.41351134,2.929306396
10043,1,7,-86.46525698,44.81820626,2.391936921
10550,1,15,-87.27464682,44.63834185,9.419658254
10658,1,17,-87.36457903,44.59337575,5.201752879
8829,1,7,-85.97062986,45.22290118,2.314833055
9628,1,6,-86.15049427,44.95310457,2.901999084
6955,1,1,-85.25117222,45.80746051,3.494190271
7941,1,3,-86.51022308,45.4926978,4.172500774
10045,1,6,-86.37532478,44.81820626,2.228348226
16102,1,12,-87.76927395,42.30010453,4.997492304
9606,1,15,-87.13974852,44.95310457,12.72590749
13423,1,14,-86.51022308,43.5591554,5.158753612
13800,1,16,-87.85920615,43.42425709,1.201635308
14987,1,6,-87.63437564,42.79473166,4.996491762
17015,1,14,-87.27464682,41.89540961,3.732374328
15057,1,6,-87.76927395,42.74976556,4.996790299
7080,1,1,-85.83573155,45.76249441,3.495907298
9608,1,15,-87.04981631,44.95310457,8.197809322
9749,1,15,-87.04981631,44.90813847,10.50310401
10898,1,20,-83.13776541,44.50344355,7.306969974
9219,1,6,-86.01559596,45.08800288,5.412301517
11884,1,12,-86.55518919,44.05378252,3.633180933
16145,1,17,-82.68810439,42.30010453,3.709224829
13416,1,10,-86.8249858,43.5591554,3.501226269
13964,1,14,-86.55518919,43.37929099,2.896168559
14311,1,10,-87.72430785,43.24439268,5.007593867
17201,1,13,-87.18471462,41.80547741,3.737486477
13253,1,16,-87.63437564,43.6041215,5.323687032
9092,1,6,-85.92566375,45.13296898,2.206489164
15880,1,13,-87.63437564,42.39003674,4.996801499
11274,1,10,-82.41830778,44.32357914,3.567931623
9775,1,7,-85.88069765,44.90813847,2.753255993
6961,1,1,-84.98137561,45.80746051,3.494754272
12254,1,17,-87.40954513,43.91888422,5.238354923
11170,1,20,-83.18273151,44.36854524,3.779453866
17361,1,13,-87.18471462,41.7155452,3.742637969
15535,1,4,-79.27068061,42.56990115,4.399079915
17198,1,13,-87.31961293,41.80547741,3.73776551
9632,1,6,-85.97062986,44.95310457,2.723611671
9629,1,6,-86.10552816,44.95310457,4.664093596
14204,1,10,-87.63437564,43.28935878,5.009337221
13842,1,20,-82.28340947,43.42425709,7.142478341
13820,1,10,-86.95988411,43.42425709,5.468383071
7095,1,1,-85.16124002,45.76249441,3.496882749
11867,1,17,-87.31961293,44.05378252,2.460215114
15587,1,17,-82.59817218,42.52493504,2.191987196
10424,1,15,-87.36457903,44.68330795,3.774975467
17285,1,14,-87.04981631,41.7605113,3.739840669
8524,1,3,-86.8249858,45.31283339,4.379623158
11272,1,20,-82.50823998,44.32357914,7.065877448
11902,1,10,-83.13776541,44.05378252,1.341464866
17278,1,14,-87.36457903,41.7605113,3.740373137
11184,1,20,-82.55320608,44.36854524,7.063236229
11138,1,17,-87.31961293,44.36854524,3.854904091
12137,1,12,-86.69008749,43.96385032,4.995743227
7507,1,3,-86.60015529,45.6275961,4.842586987
9359,1,7,-85.70083324,45.04303677,1.00019314
15763,1,12,-87.76927395,42.43500284,4.997428406
9220,1,6,-85.97062986,45.08800288,2.085589557
6307,1,1,-85.11627391,46.03229102,2.489304114
11423,1,4,-86.42029088,44.23364693,3.183561512
14712,1,14,-86.46525698,43.01956217,5.080318574
16094,1,4,-79.67537553,42.34507063,4.964431016
16829,1,15,-87.04981631,41.98534182,3.726999363
14239,1,20,-82.37334167,43.28935878,7.154373558
15978,1,4,-79.67537553,42.39003674,5.316276685
16742,1,14,-86.60015529,42.03030792,5.299836343
15017,1,14,-86.28539257,42.79473166,4.358502975
16523,1,13,-87.63437564,42.12024012,4.996935747
10296,1,15,-87.22968072,44.72827406,8.184882801
16819,1,15,-87.49947734,41.98534182,3.727784966
11348,1,20,-83.18273151,44.27861303,5.041165648
6802,1,1,-85.88069765,45.85242661,3.490586087
6525,1,1,-85.56593494,45.94235882,3.485516583
16329,1,13,-87.54444344,42.21017233,4.996652514
14094,1,15,-86.64512139,43.33432489,5.172428823
16546,1,14,-86.60015529,42.12024012,5.305153813
12400,1,17,-87.45451123,43.87391811,5.188771476
11351,1,20,-83.04783321,44.27861303,7.026878658
16349,1,15,-86.64512139,42.21017233,4.4992652
16916,1,15,-87.54444344,41.94037571,3.73064919
6653,1,3,-86.15049427,45.89739272,1.933130661
12681,1,17,-87.67934174,43.78398591,4.908826162
11002,1,10,-82.68810439,44.45847744,1.714946699
16621,1,13,-87.40954513,42.07527402,4.996363007
14736,1,10,-87.63437564,42.97459607,5.009314834
6934,1,3,-86.19546037,45.80746051,5.99110192
10900,1,20,-83.04783321,44.50344355,7.311908672
13411,1,10,-87.04981631,43.5591554,5.783736592
17360,1,13,-87.22968072,41.7155452,3.742742052
9349,1,6,-86.15049427,45.04303677,5.421412111
10580,1,20,-83.13776541,44.63834185,7.283870809
15691,1,27,-82.68810439,42.47996894,13.27056686
8940,1,3,-86.8249858,45.17793508,1.783024802
17038,1,27,-83.18273151,41.89540961,11.45127439
16617,1,13,-87.58940954,42.07527402,4.996924378
17131,1,27,-83.27266372,41.85044351,11.20418991
10184,1,6,-86.28539257,44.77324016,2.749689195
8692,1,7,-86.01559596,45.26786728,3.474493149
17013,1,14,-87.36457903,41.89540961,3.732545724
13671,1,16,-87.76927395,43.46922319,5.104592911
15989,1,13,-87.63437564,42.34507063,4.996822644
15222,1,4,-79.13578231,42.70479945,4.758342347
6398,1,1,-85.61090104,45.98732492,3.482674775
15642,1,4,-79.31564672,42.52493504,4.506282241
17428,1,14,-87.27464682,41.6705791,3.745340816
6404,1,1,-85.34110442,45.98732492,3.48302515
8548,1,6,-85.74579935,45.31283339,4.874486391
6297,1,1,-85.56593494,46.03229102,3.480047439
15147,1,6,-87.63437564,42.70479945,4.996529534
6301,1,1,-85.38607053,46.03229102,3.480342496
11004,1,20,-82.59817218,44.45847744,7.054800646
11442,1,20,-82.957901,44.23364693,7.36618599
17024,1,14,-86.8699519,41.89540961,3.731760398
7093,1,1,-85.25117222,45.76249441,3.496712572
15692,1,27,-82.64313829,42.47996894,12.15762661
15921,1,27,-82.59817218,42.39003674,14.81894308
16928,1,15,-87.00485021,41.94037571,3.729358745
17365,1,13,-87.00485021,41.7155452,3.742253541
17111,1,13,-87.22968072,41.85044351,3.734852453
6668,1,1,-85.47600273,45.89739272,3.488239195
17010,1,14,-87.49947734,41.89540961,3.732826705
9748,1,15,-87.09478241,44.90813847,8.529879083
12397,1,17,-87.58940954,43.87391811,4.992492704
14083,1,10,-87.13974852,43.33432489,2.725244215
11352,1,20,-83.0028671,44.27861303,7.120949528
6947,1,1,-85.61090104,45.80746051,3.493610935
9096,1,6,-85.74579935,45.13296898,2.531735727
10299,1,12,-87.09478241,44.72827406,4.336651257
17119,1,13,-86.8699519,41.85044351,3.734491942
11048,1,17,-87.22968072,44.41351134,5.062534941
14946,1,14,-86.19546037,42.83969776,1.182411385
7098,1,1,-85.02634171,45.76249441,3.497161135
14215,1,10,-87.13974852,43.28935878,4.610519252
15465,1,14,-86.42029088,42.56990115,1.406432806
11981,1,17,-87.45451123,44.00881642,5.240406977
16447,1,14,-86.55518919,42.16520623,1.356265811
11514,1,29,-87.40954513,44.18868083,4.564730215
8397,1,7,-85.97062986,45.35779949,2.574207434
6941,1,1,-85.88069765,45.80746051,3.493306079
7215,1,3,-86.33035868,45.71752831,2.436450027
15915,1,27,-82.8679688,42.39003674,10.45712357
7102,1,1,-84.8464773,45.76249441,3.497575458
11093,1,20,-82.50823998,44.41351134,6.465336945
16423,1,13,-87.63437564,42.16520623,4.996912142
17426,1,14,-87.36457903,41.6705791,3.74548073
13550,1,10,-86.95988411,43.51418929,4.8645402
8080,1,3,-86.7350536,45.44773169,2.570773487
11159,1,4,-86.37532478,44.36854524,5.198092051
17357,1,13,-87.36457903,41.7155452,3.743073465
17373,1,27,-83.36259592,41.7155452,7.484220666
6671,1,1,-85.34110442,45.89739272,3.488448557
9768,1,6,-86.19546037,44.90813847,2.156203624
11043,1,17,-87.45451123,44.41351134,5.059567734
16637,1,15,-86.69008749,42.07527402,5.300706008
15870,1,4,-79.49551113,42.43500284,4.067826648
16618,1,13,-87.54444344,42.07527402,4.996715373
6514,1,3,-86.06056206,45.94235882,4.798840068
6674,1,1,-85.20620612,45.89739272,3.48868567
14685,1,10,-87.67934174,43.01956217,5.007860318
14632,1,10,-87.63437564,43.06452827,5.009319901
11404,1,17,-87.27464682,44.23364693,5.062150312
8676,1,3,-86.7350536,45.26786728,2.269513888
16821,1,15,-87.40954513,41.98534182,3.727602397
6806,1,1,-85.70083324,45.85242661,3.490826091
10025,1,15,-87.27464682,44.81820626,9.196786962
8810,1,3,-86.8249858,45.22290118,5.986013895
8956,1,7,-86.10552816,45.17793508,2.011484139
17364,1,13,-87.04981631,41.7155452,3.742344866
8690,1,7,-86.10552816,45.26786728,4.935619872
14109,1,20,-82.28340947,43.33432489,7.222413099
15752,1,4,-79.49551113,42.47996894,5.67128977
11260,1,20,-83.04783321,44.32357914,7.12494879
13819,1,10,-87.00485021,43.42425709,3.886427157
8085,1,3,-86.51022308,45.44773169,2.178632573
13685,1,10,-87.13974852,43.46922319,3.915791181
12967,1,16,-87.54444344,43.6940537,4.953790943
15749,1,4,-79.63040943,42.47996894,4.533356353
11220,1,17,-87.36457903,44.32357914,5.059525735
16016,1,14,-86.42029088,42.34507063,3.038905333
7510,1,3,-86.46525698,45.6275961,2.972154025
9773,1,6,-85.97062986,44.90813847,3.373371732
14735,1,10,-87.67934174,42.97459607,5.007859766
17298,1,27,-83.36259592,41.7605113,11.22022147
14228,1,14,-86.55518919,43.28935878,5.157519897
15179,1,14,-86.19546037,42.70479945,2.062965835
11862,1,17,-87.54444344,44.05378252,9.48012002
16425,1,13,-87.54444344,42.16520623,4.996672981
17020,1,14,-87.04981631,41.89540961,3.732001499
13572,1,20,-82.28340947,43.51418929,5.3337059
10995,1,20,-83.0028671,44.45847744,1.54585067
8543,1,7,-85.97062986,45.31283339,4.712030037
16720,1,13,-87.58940954,42.03030792,4.811001513
13255,1,16,-87.54444344,43.6041215,5.226878263
6510,1,3,-86.24042647,45.94235882,2.761608017
10798,1,20,-83.09279931,44.54840965,7.053097755
9910,1,6,-86.24042647,44.86317236,2.171652615
17366,1,13,-86.95988411,41.7155452,3.742165403
10993,1,20,-83.09279931,44.45847744,7.061773515
9627,1,6,-86.19546037,44.95310457,3.68860709
15337,1,6,-87.67934174,42.61486725,4.996726098
8382,1,3,-86.64512139,45.35779949,3.069168631
13267,1,10,-87.00485021,43.6041215,4.788420384
11044,1,17,-87.40954513,44.41351134,5.060896689
9626,1,6,-86.24042647,44.95310457,4.00431241
10766,1,17,-87.31961293,44.54840965,4.820908219
10164,1,15,-87.18471462,44.77324016,8.764038719
12253,1,17,-87.45451123,43.91888422,5.241346403
13409,1,10,-87.13974852,43.5591554,3.27820392
16147,1,17,-82.59817218,42.30010453,1.92715036
14420,1,10,-87.81424005,43.19942658,5.010115689
16937,1,15,-86.60015529,41.94037571,3.461028614
17105,1,13,-87.49947734,41.85044351,3.735256026
6528,1,1,-85.43103663,45.94235882,3.485725777
14630,1,10,-87.72430785,43.06452827,5.007591395
16849,1,17,-83.0028671,41.98534182,1.421415186
8968,1,7,-85.56593494,45.17793508,4.758656354
16219,1,13,-87.36457903,42.25513843,4.549231228
14765,1,14,-86.33035868,42.97459607,3.53511559
9093,1,6,-85.88069765,45.13296898,5.254738109
15532,1,4,-79.40557892,42.56990115,5.602037888
6965,1,1,-84.8015112,45.80746051,3.495191885
6212,1,1,-85.29613832,46.07725713,1.733993614
9195,1,3,-87.09478241,45.08800288,5.974492866
13673,1,16,-87.67934174,43.46922319,5.151913633
14462,1,20,-82.32837557,43.19942658,5.418630468
10983,1,4,-86.33035868,44.45847744,3.253700779
16449,1,14,-86.46525698,42.16520623,5.300801146
17497,1,14,-87.18471462,41.625613,3.747662102
13684,1,10,-87.18471462,43.46922319,5.396533228
8806,1,3,-87.00485021,45.22290118,1.352617014
11557,1,20,-82.8679688,44.18868083,7.112358467
14943,1,13,-86.33035868,42.83969776,5.154234022
16739,1,15,-86.7350536,42.03030792,3.505656546
11630,1,17,-87.36457903,44.14371473,4.788952213
15572,1,15,-86.46525698,42.52493504,4.871389181
15754,1,4,-79.40557892,42.47996894,3.787548372
16030,1,27,-82.73307049,42.34507063,11.12091411
6409,1,1,-85.11627391,45.98732492,3.483401934
14447,1,15,-86.60015529,43.19942658,3.754373773
11092,1,20,-82.55320608,44.41351134,7.351546999
8229,1,3,-86.60015529,45.40276559,3.44975848
13278,1,14,-86.51022308,43.6041215,2.673229179
14629,1,10,-87.76927395,43.06452827,5.009472335
17282,1,14,-87.18471462,41.7605113,3.74004979
15134,1,4,-79.18074841,42.74976556,2.17654437
16816,1,15,-87.63437564,41.98534182,2.902429799
17132,1,27,-83.22769762,41.85044351,8.166645726
13129,1,14,-86.60015529,43.6490876,7.848281716
16828,1,15,-87.09478241,41.98534182,3.727063622
16922,1,15,-87.27464682,41.94037571,3.729946502
8527,1,3,-86.69008749,45.31283339,2.675756294
12823,1,21,-87.63437564,43.73901981,4.991558198
16209,1,12,-87.81424005,42.25513843,4.081758996
6298,1,1,-85.52096883,46.03229102,3.480116581
6811,1,1,-85.47600273,45.85242661,3.491195503
17017,1,14,-87.18471462,41.89540961,3.73221566
10186,1,6,-86.19546037,44.77324016,2.916649389
13977,1,20,-82.28340947,43.37929099,7.474275194
6660,1,1,-85.83573155,45.89739272,3.487816678
7355,1,3,-86.55518919,45.67256221,5.166247654
6943,1,1,-85.79076545,45.80746051,3.493395341
6964,1,1,-84.8464773,45.80746051,3.495077862
11672,1,20,-82.8679688,44.14371473,7.059587949
15907,1,14,-86.42029088,42.39003674,5.303260286
17204,1,13,-87.04981631,41.80547741,3.737236109
16218,1,13,-87.40954513,42.25513843,4.996276809
13698,1,13,-86.55518919,43.46922319,5.158474857
15793,1,14,-86.42029088,42.43500284,2.667343051
13273,1,15,-86.7350536,43.6041215,5.173472807
15015,1,15,-86.37532478,42.79473166,6.521192416
13841,1,20,-82.32837557,43.42425709,7.150754125
17217,1,27,-83.36259592,41.80547741,11.21423842
15985,1,12,-87.81424005,42.34507063,4.269172417
6954,1,1,-85.29613832,45.80746051,3.494107059
17107,1,13,-87.40954513,41.85044351,3.735108796
11554,1,20,-83.0028671,44.18868083,7.084079647
7100,1,1,-84.9364095,45.76249441,3.497362135
13011,1,20,-82.50823998,43.6940537,5.485081363
15882,1,13,-87.54444344,42.39003674,4.996575497
8808,1,3,-86.91491801,45.22290118,3.511122337
9893,1,12,-87.00485021,44.86317236,4.323017904
14876,1,15,-86.46525698,42.88466386,5.168936721
6401,1,1,-85.47600273,45.98732492,3.482836079
9890,1,15,-87.13974852,44.86317236,9.013150351
8246,1,7,-85.83573155,45.40276559,2.115502416
16014,1,14,-86.51022308,42.34507063,5.306795533
11400,1,17,-87.45451123,44.23364693,5.060540934
16018,1,14,-86.33035868,42.34507063,4.759405324
10294,1,15,-87.31961293,44.72827406,9.410416648
12730,1,20,-82.50823998,43.78398591,4.335496021
15527,1,4,-79.63040943,42.56990115,2.77776379
16429,1,13,-87.36457903,42.16520623,4.996191678
6665,1,1,-85.61090104,45.89739272,3.488057598
15058,1,6,-87.72430785,42.74976556,4.996850592
14336,1,15,-86.60015529,43.24439268,5.171575547
7939,1,3,-86.60015529,45.4926978,2.004068453
10549,1,15,-87.31961293,44.63834185,5.445978282
14213,1,10,-87.22968072,43.28935878,1.577628047
10189,1,7,-86.06056206,44.77324016,4.65216518
7211,1,3,-86.51022308,45.71752831,5.477113197
15339,1,6,-87.58940954,42.61486725,4.996456319
16818,1,15,-87.54444344,41.98534182,3.986231578
8697,1,6,-85.79076545,45.26786728,5.377647732
15885,1,13,-87.40954513,42.39003674,4.99621763
10899,1,20,-83.09279931,44.50344355,7.309433315
6804,1,1,-85.79076545,45.85242661,3.490699917
16747,1,27,-83.13776541,42.03030792,11.1712629
8398,1,7,-85.92566375,45.35779949,5.365809239
13829,1,13,-86.55518919,43.42425709,1.627064404
14606,1,14,-86.46525698,43.10949437,4.519323476
6939,1,1,-85.97062986,45.80746051,3.493229181
13978,1,20,-82.23844337,43.37929099,4.46144737
16420,1,12,-87.76927395,42.16520623,4.43346805
10764,1,17,-87.40954513,44.54840965,9.802099802
16446,1,14,-86.60015529,42.16520623,5.305071066
11651,1,5,-86.42029088,44.14371473,3.677698406
16212,1,12,-87.67934174,42.25513843,4.997080051
10889,1,4,-86.33035868,44.50344355,5.198929883
13108,1,16,-87.54444344,43.6490876,5.336708524
15016,1,15,-86.33035868,42.79473166,4.540692873
11350,1,20,-83.09279931,44.27861303,7.076235086
10295,1,15,-87.27464682,44.72827406,10.381791
10984,1,5,-86.28539257,44.45847744,5.202869396
9470,1,15,-86.91491801,44.99807067,1.108109151
11555,1,20,-82.957901,44.18868083,7.083697023
16448,1,14,-86.51022308,42.16520623,3.945076416
11080,1,20,-83.09279931,44.41351134,7.064679104
14657,1,15,-86.51022308,43.06452827,2.788479606
15585,1,27,-82.68810439,42.52493504,12.6154416
14610,1,14,-86.28539257,43.10949437,3.555957878
15982,1,4,-79.49551113,42.39003674,1.572785924
11171,1,20,-83.13776541,44.36854524,7.333081242
10183,1,6,-86.33035868,44.77324016,3.837649053
9631,1,6,-86.01559596,44.95310457,5.41168717
16524,1,13,-87.58940954,42.12024012,4.996902299
9094,1,6,-85.83573155,45.13296898,2.369062509
13571,1,20,-82.32837557,43.51418929,7.521040398
15909,1,14,-86.33035868,42.39003674,1.16729296
16921,1,15,-87.31961293,41.94037571,3.730055627
17433,1,14,-87.04981631,41.6705791,3.745046604
11512,1,29,-87.49947734,44.18868083,5.634939383
8244,1,7,-85.92566375,45.40276559,3.123771153
9350,1,6,-86.10552816,45.04303677,2.273640985
14110,1,20,-82.23844337,43.33432489,1.908125345
14539,1,20,-82.37334167,43.15446048,6.869284201
